Age,Gender,BPM_Max;Height (m),Avg_BPM,Resting_BPM,Calories_Burned,Workout_Type,Fat_Percentage,Water_Intake (liters),Wrkt_Frqncy (dys/wk);go through storey,BMI
56,Male,180;1.71,157,60,1313.0,Yoga,12.6,3.5,4;1,30.2
46,Female,179;1.53,151,59,883.0,HIIT,33.9,2.1,4;2,32.0
32,Female,167;1.66,122,85,677.0,Cardio,33.4,2.3,4;5,24.71
25,Male,190;1.7,164,56,532.0,Strength,28.8,2.1,3;1,18.41
38,Male,188;1.79,158,66,556.0,Strength,29.2,2.8,3;1,28.15
56,Female,168;1.68,156,74,1116.0,HIIT,15.5,2.7,5;5,20.55
36,Male,174;1.72,169,67,1385.0,Cardio,21.3,2.3,3;2,23.76
40,Female,227;1.51,141,64,895.0,Cardio,30.6,1.9,3;2,30.57
28,Male,163;1.94,127,91,719.0,Strength,28.9,2.6,4;2,32.34
28,Male,169;1.84,136,64,808.0,Cardio,29.7,2.7,3;2,30.07
41,Male,229;1.67,146,54,593.0,HIIT,20.5,3.0,2;1,43.31
53,Male,175;1.7,152,72,865.0,HIIT,23.6,3.5,3;2,17.89
57,Male,230;1.61,165,61,1013.0,Cardio,22.1,2.7,3;2,43.4
41,Male,185;2.0,136,69,794.0,HIIT,27.6,3.7,3;1,57.19
20,Male,196;1.81,161,54,1195.0,Yoga,26.4,3.3,3;2,35.93
39,Female,222;1.75,131,52,740.0,Strength,26.2,2.1,2;2,13.88
19,Female,166;1.53,167,60,1111.0,HIIT,29.8,2.3,3;3,48.4
41,Female,222;1.77,165,58,884.0,Cardio,31.9,1.6,3;1,13.98
47,Female,199;1.75,146,56,742.0,Strength,32.8,2.5,3;2,21.81
55,Female,188;1.67,167,51,1030.0,HIIT,25.2,2.2,2;1,26.96
19,Male,224;1.77,127,94,1048.0,Strength,28.9,3.7,4;2,52.38
38,Male,197;1.77,142,72,875.0,Cardio,25.7,3.1,2;4,22.95
50,Female,187;1.68,161,70,848.0,Yoga,33.1,2.5,2;1,25.16
29,Male,222;1.78,168,65,721.0,Yoga,28.1,3.4,2;1,38.16
39,Female,190;1.69,148,58,925.0,HIIT,26.9,1.9,4;2,22.51
42,Female,173;1.71,169,86,1080.0,Yoga,26.1,1.8,3;2,21.78
44,Male,192;1.8,139,43,502.0,HIIT,27.2,2.7,2;1,20.12
59,Male,168;1.75,135,69,989.0,Strength,21.6,2.8,4;2,17.6
45,Male,186;1.86,136,68,1104.0,HIIT,14.2,3.5,5;3,24.54
33,Female,183;1.68,135,55,871.0,HIIT,32.3,1.8,3;2,15.15
32,Male,228;1.8,138,53,964.0,HIIT,28.4,3.5,3;5,33.4
20,Female,221;1.52,127,50,654.0,Yoga,28.0,2.2,4;2,28.31
54,Female,188;1.61,157,60,1046.0,HIIT,28.2,2.7,2;1,19.37
24,Female,187;1.51,157,58,816.0,Cardio,31.7,2.5,2;1,25.83
38,Male,187;1.71,148,58,1237.0,HIIT,10.2,3.5,5;3,27.84
26,Male,174;1.73,160,86,1162.0,Strength,27.3,2.9,3;5,50.82
56,Female,222;1.56,155,63,879.0,Cardio,33.4,2.6,4;2,24.37
35,Male,188;1.71,145,72,1069.0,Strength,24.2,2.9,3;4,33.14
21,Male,164;1.81,150,62,1072.0,Strength,27.6,3.5,4;2,19.11
42,Male,166;1.6,163,97,1057.0,Strength,21.7,2.6,3;2,21.35
31,Female,195;1.51,131,60,969.0,Cardio,28.2,2.0,2;1,21.4
26,Female,186;1.6,136,61,734.0,Cardio,34.7,2.0,3;1,17.3
43,Male,161;1.83,134,67,962.0,Yoga,29.9,2.9,4;5,33.8
19,Female,184;1.59,128,53,730.0,Cardio,30.1,2.2,2;1,23.93
37,Male,168;1.76,158,50,1304.0,HIIT,29.3,2.8,2;1,40.1
45,Male,186;1.85,161,73,956.0,Strength,25.2,2.5,3;1,51.19
24,Male,187;1.74,167,69,772.0,Yoga,22.9,3.6,3;3,18.07
25,Male,182;1.95,131,94,1016.0,Cardio,22.7,3.0,2;1,23.17
52,Female,158;1.71,151,58,836.0,Strength,34.3,2.0,3;1,20.42
31,Female,233;1.54,144,59,742.0,Cardio,26.7,2.3,4;1,33.61
34,Female,221;1.62,158,53,1122.0,Yoga,30.8,2.4,3;2,19.43
53,Male,165;1.76,137,69,1133.0,Cardio,12.8,3.5,5;3,27.18
57,Male,208;1.89,134,58,750.0,Cardio,27.4,3.6,3;1,34.18
21,Male,161;1.72,151,62,1046.0,Strength,25.0,2.8,3;1,37.13
19,Female,177;1.79,125,61,506.0,HIIT,27.7,1.6,3;1,22.78
23,Male,182;1.6,163,60,1318.0,Cardio,21.7,2.7,4;2,44.84
59,Female,161;1.52,162,61,1021.0,Yoga,31.2,2.1,3;2,28.35
21,Female,171;1.52,154,67,832.0,Cardio,32.2,2.6,3;1,21.77
46,Female,181;1.71,153,93,1150.0,Cardio,17.8,2.7,4;3,46.06
35,Female,196;1.62,157,65,440.0,HIIT,32.4,2.0,2;5,16.99
43,Female,179;1.61,124,54,580.0,Strength,26.4,2.6,3;3,38.34
51,Female,198;1.63,137,94,666.0,Yoga,33.8,2.1,4;2,38.24
27,Male,183;1.63,135,74,1299.0,Strength,12.9,3.5,5;3,32.93
53,Male,179;1.74,127,61,773.0,Strength,21.3,3.7,3;2,17.11
31,Female,160;1.7,144,70,1418.0,Strength,17.3,2.7,5;3,22.28
48,Female,160;1.61,151,74,421.0,Cardio,33.4,1.5,2;1,25.89
32,Male,176;1.6,145,90,1587.0,HIIT,14.5,3.5,5;3,33.55
25,Female,160;1.77,141,58,627.0,Cardio,27.6,2.6,3;1,20.88
31,Female,176;1.76,150,67,1358.0,Yoga,18.6,2.7,4;3,19.72
40,Male,162;1.65,162,74,1176.0,HIIT,21.0,3.6,4;5,39.12
57,Female,170;1.52,129,52,1004.0,Strength,15.2,2.7,5;3,27.7
38,Female,163;1.54,131,62,963.0,HIIT,30.6,2.7,3;2,25.89
33,Female,181;1.63,147,98,786.0,Yoga,31.9,1.5,4;2,15.24
35,Male,185;1.79,125,89,743.0,Cardio,28.0,2.3,3;2,21.88
41,Male,172;1.62,139,50,777.0,Cardio,23.4,3.1,4;2,35.86
43,Male,160;1.82,124,58,663.0,Strength,20.1,2.0,3;1,16.76
42,Female,183;1.72,142,58,875.0,Cardio,29.8,1.6,3;1,18.15
58,Female,169;1.75,128,57,363.0,Cardio,25.2,1.8,2;4,21.58
46,Male,194;1.77,148,79,864.0,Yoga,20.9,2.9,2;2,55.93
32,Female,180;1.58,135,54,1262.0,HIIT,16.6,2.7,5;3,24.72
18,Female,187;1.74,165,53,990.0,Cardio,29.4,2.2,2;1,17.27
42,Female,195;1.74,141,52,1129.0,Yoga,16.4,2.7,5;4,28.57
24,Female,175;1.76,127,68,546.0,Yoga,30.8,1.5,3;1,23.53
26,Female,199;1.63,139,95,751.0,Strength,25.6,1.7,2;1,28.87
41,Male,185;1.83,133,58,744.0,Yoga,21.4,2.8,3;2,25.38
18,Female,176;1.68,158,71,1003.0,Strength,32.0,2.2,4;2,19.42
25,Male,174;1.88,156,67,1150.0,Cardio,21.4,2.3,3;1,39.14
41,Female,175;1.55,169,65,1103.0,Strength,31.4,2.0,4;1,22.89
28,Male,174;1.66,153,50,917.0,Yoga,20.5,3.5,4;1,29.61
34,Female,193;1.6,130,51,416.0,HIIT,29.1,2.7,2;1,55.31
25,Male,200;1.61,159,63,1688.0,HIIT,10.9,3.5,4;3,31.44
52,Female,160;1.69,152,63,1231.0,Cardio,15.5,2.7,4;5,28.59
52,Male,226;1.63,150,50,936.0,Cardio,25.7,3.7,3;2,27.85
50,Female,220;1.59,163,74,924.0,HIIT,34.3,2.6,3;2,22.31
22,Male,228;1.84,153,65,1052.0,Strength,20.5,2.7,3;5,30.3
59,Female,164;1.57,169,64,441.0,Cardio,29.2,2.3,3;1,22.15
56,Male,194;1.78,126,58,805.0,Yoga,27.1,2.7,2;5,40.71
58,Male,172;1.66,168,61,1106.0,Cardio,24.6,3.1,3;1,37.56
45,Female,169;1.51,142,65,735.0,Strength,33.1,1.9,4;3,26.05
24,Female,170;1.79,165,63,1625.0,Cardio,15.9,2.7,4;3,49.81
26,Male,219;1.62,126,73,804.0,Yoga,29.6,3.0,3;2,47.67
25,Female,184;1.62,144,64,1073.0,Yoga,28.9,2.1,4;2,15.7
29,Male,198;1.61,122,72,805.0,Yoga,23.4,2.0,3;2,22.61
51,Male,182;1.78,157,64,420.0,Strength,28.7,3.3,3;1,24.3
50,Male,166;1.96,139,68,667.0,Strength,25.6,2.0,3;1,18.12
40,Female,198;1.79,153,57,1369.0,Yoga,17.6,2.7,5;3,17.54
41,Male,162;1.96,168,51,424.0,Yoga,27.3,2.5,2;1,18.66
54,Male,171;1.93,163,51,1404.0,Strength,12.9,3.5,5;4,23.09
52,Female,166;1.59,163,61,1020.0,Strength,26.6,1.5,3;5,19.78
57,Female,185;1.62,149,52,677.0,Strength,31.7,2.0,4;2,56.89
39,Female,192;1.6,136,72,979.0,HIIT,26.3,1.6,3;2,21.64
44,Female,196;1.55,129,66,819.0,Strength,33.1,2.6,4;2,25.68
52,Male,174;1.82,154,57,1357.0,Yoga,14.9,3.5,4;3,25.81
18,Male,161;1.93,139,72,1315.0,HIIT,11.9,3.5,4;3,23.52
52,Male,166;1.72,137,53,685.0,Strength,24.4,2.7,4;2,27.85
54,Male,191;1.68,164,63,446.0,Yoga,20.5,2.8,3;5,23.74
31,Female,163;1.6,163,70,888.0,Cardio,25.1,1.9,3;2,16.52
20,Male,179;1.99,146,59,1357.0,HIIT,14.6,3.5,5;3,20.88
18,Male,195;1.74,168,50,1303.0,Yoga,21.3,3.1,2;5,30.52
22,Female,191;1.54,155,53,790.0,Cardio,29.5,2.4,4;2,29
43,Male,187;1.85,142,95,858.0,Yoga,28.2,3.1,4;2,24.16
31,Male,172;1.76,151,66,1071.0,Strength,28.9,3.3,3;2,27.96
56,Male,160;1.95,129,94,639.0,Strength,25.2,3.5,2;1,34.06
44,Male,194;1.83,130,56,824.0,Cardio,25.7,3.5,4;2,29.26
26,Male,189;1.68,157,72,1701.0,Strength,13.3,3.5,5;2,57.64
32,Male,195;1.62,125,69,880.0,Yoga,29.6,3.1,3;1,29.95
32,Female,184;1.66,160,64,408.0,Cardio,31.0,1.8,2;1,21.41
43,Female,175;1.79,166,62,1479.0,Yoga,17.8,2.7,4;1,46.66
59,Male,181;1.89,153,51,500.0,Yoga,20.1,3.1,3;1,34.24
30,Male,160;1.95,155,75,1373.0,Yoga,10.4,3.5,5;3,22.43
49,Female,183;1.74,156,56,870.0,Strength,30.8,2.1,3;2,14.93
56,Male,181;1.92,136,86,458.0,Strength,29.4,3.2,3;1,15.08
49,Male,183;1.95,159,54,1503.0,Yoga,14.3,3.5,5;3,21.78
21,Male,236;1.66,159,60,1207.0,HIIT,29.8,3.4,3;2,45.43
47,Female,195;1.79,131,93,837.0,Yoga,30.3,2.4,4;2,18.26
54,Male,195;1.95,140,89,811.0,Yoga,27.9,3.4,2;1,22.64
40,Female,163;1.61,159,89,1041.0,Cardio,33.4,1.6,3;2,31.24
56,Male,188;1.68,138,58,451.0,Yoga,26.5,2.1,2;1,24.55
32,Female,177;1.62,122,58,756.0,Strength,28.4,1.8,2;1,26.86
46,Female,175;1.65,137,61,1042.0,Cardio,17.3,2.7,4;3,22.08
53,Male,174;1.95,138,50,608.0,HIIT,28.6,3.5,3;1,24.75
30,Female,181;1.62,166,66,1046.0,Cardio,28.0,2.5,4;2,30.18
49,Male,161;1.91,125,61,854.0,HIIT,29.2,3.2,2;1,50.65
24,Female,180;1.79,135,59,958.0,Cardio,27.3,2.3,4;2,22.33
39,Male,195;1.64,127,54,678.0,Cardio,27.5,3.2,3;1,23.05
45,Male,159;1.78,167,67,1265.0,HIIT,13.2,3.5,4;3,27.93
19,Female,198;1.77,137,64,877.0,Strength,32.5,2.6,3;2,26.78
59,Male,171;1.95,167,55,885.0,Strength,24.4,3.4,3;1,13.23
23,Male,185;1.8,162,64,624.0,Strength,29.3,3.1,3;1,25.65
45,Female,235;1.78,158,66,1038.0,Cardio,31.3,2.3,3;4,20.55
45,Male,155;1.79,168,55,1214.0,Yoga,22.9,2.4,3;2,14.54
37,Male,175;1.89,168,57,499.0,Cardio,26.4,3.1,2;1,28.97
47,Female,190;1.54,131,90,1150.0,Yoga,16.4,2.7,4;4,26.1
28,Female,237;1.61,164,72,1082.0,Yoga,27.9,2.0,3;2,20.06
45,Male,190;1.71,129,63,530.0,Strength,24.0,2.3,2;1,38.78
42,Male,224;1.98,126,57,886.0,Yoga,28.5,3.4,4;2,16.04
56,Female,167;1.8,165,72,913.0,Cardio,30.0,2.1,4;1,12.47
50,Female,161;1.75,120,59,362.0,Cardio,31.8,2.7,3;1,21.91
18,Male,171;1.61,168,71,1201.0,Strength,23.9,2.5,2;2,27.01
44,Female,184;1.75,155,69,711.0,HIIT,27.6,2.1,3;1,22.69
30,Male,194;1.66,140,64,832.0,Cardio,29.5,2.8,3;2,39.16
58,Male,198;1.91,156,83,1151.0,Yoga,26.0,2.2,3;2,25.77
20,Male,179;1.91,143,58,1070.0,Cardio,29.3,2.7,3;2,20.56
56,Male,161;1.85,144,59,1119.0,Cardio,11.0,3.5,4;5,48.32
23,Male,178;1.8,126,59,1074.0,Cardio,10.7,3.5,4;3,24.97
25,Female,196;1.62,161,67,837.0,HIIT,33.6,1.8,4;2,16.42
44,Female,177;1.52,136,68,967.0,Yoga,18.4,2.7,5;3,25.27
26,Female,175;1.53,148,54,844.0,Strength,26.9,1.7,3;1,50.66
54,Female,163;1.78,149,72,852.0,Cardio,27.7,1.8,2;1,29.66
50,Male,171;1.98,126,52,574.0,Yoga,28.0,2.4,2;1,13.03
59,Male,188;1.72,152,95,813.0,Yoga,24.5,3.2,3;1,30.22
41,Male,166;1.8,126,96,680.0,Strength,26.7,2.1,4;2,15.9
32,Male,173;1.88,143,64,1195.0,Cardio,11.6,3.5,5;3,24.87
49,Female,179;1.52,130,70,644.0,HIIT,28.8,2.2,3;5,18.18
49,Male,194;1.72,128,69,925.0,Yoga,29.9,3.3,3;2,26.77
41,Male,164;1.71,131,54,778.0,Strength,22.5,2.8,3;2,22.16
58,Female,176;1.78,154,73,1095.0,HIIT,17.5,2.7,4;3,19.88
29,Female,191;1.77,123,61,418.0,Yoga,33.4,2.6,3;1,17.94
56,Female,178;1.64,155,53,767.0,Cardio,27.4,2.3,3;1,19.67
19,Female,186;1.69,147,64,772.0,Yoga,29.2,2.4,3;4,18.24
20,Male,164;1.84,132,58,603.0,HIIT,26.2,2.3,3;1,50.52
54,Male,168;1.86,142,56,1082.0,HIIT,12.4,3.5,5;1,24.16
34,Female,192;1.77,138,59,1249.0,Cardio,17.3,2.7,5;3,17.94
19,Male,170;1.78,161,72,1133.0,Cardio,23.6,3.3,2;1,27.71
19,Male,195;1.85,156,69,1424.0,Strength,12.9,3.5,4;5,25.1
45,Male,220;1.87,158,57,1126.0,Cardio,26.2,3.4,4;1,56.09
40,Female,217;1.71,143,61,1337.0,Strength,18.3,2.7,5;5,19.63
54,Male,188;1.92,135,71,802.0,HIIT,20.7,2.6,4;1,57.99
49,Female,173;1.66,152,65,937.0,HIIT,31.3,1.8,3;2,22.54
50,Male,184;1.91,131,68,707.0,Yoga,29.5,2.7,4;2,15.65
18,Male,237;1.8,153,50,926.0,Yoga,25.4,3.3,4;5,21.02
36,Male,165;1.65,126,65,852.0,Strength,27.2,2.7,3;2,47.59
19,Female,188;1.52,130,71,800.0,Cardio,30.6,2.4,3;1,49.86
43,Male,227;1.73,150,66,988.0,Cardio,28.5,2.2,2;1,36.29
49,Female,188;1.65,148,74,686.0,Yoga,34.3,2.5,3;2,29.05
23,Female,163;1.58,132,86,370.0,HIIT,26.8,1.8,3;1,16.78
49,Female,177;1.52,150,60,979.0,Strength,29.4,1.8,4;2,29.56
21,Male,225;1.6,121,67,1138.0,HIIT,12.0,3.5,4;3,50.99
28,Male,169;1.9,158,56,1025.0,HIIT,24.1,3.0,3;2,18.28
34,Male,170;1.64,134,67,929.0,Cardio,21.3,2.1,4;2,26.73
55,Male,228;1.71,130,57,663.0,Strength,28.1,2.0,4;2,22.62
41,Female,162;1.59,153,64,1267.0,HIIT,15.2,2.7,5;2,50.73
22,Female,197;1.77,158,56,1177.0,Yoga,30.3,1.8,3;1,22.85
51,Female,194;1.77,123,72,598.0,Yoga,31.6,2.1,4;2,18.32
23,Male,218;1.99,130,71,1280.0,Cardio,11.0,3.5,4;3,21.16
39,Female,184;1.71,148,59,1443.0,Yoga,19.5,2.7,5;2,24.13
28,Male,197;1.76,121,60,799.0,Yoga,28.4,3.5,3;2,28.09
33,Female,172;1.71,135,74,796.0,HIIT,29.7,2.5,4;2,55.62
50,Male,163;1.67,158,89,1071.0,Yoga,24.1,2.8,4;2,41.07
26,Male,173;1.87,132,58,1241.0,Yoga,11.2,3.5,4;3,56.96
23,Female,192;1.73,156,56,1147.0,HIIT,32.3,1.5,4;2,26.26
33,Female,187;1.71,136,58,734.0,Cardio,26.3,2.1,3;1,26.67
46,Female,157;1.53,140,62,1153.0,Cardio,18.4,2.7,4;3,24.78
20,Female,229;1.69,163,52,1043.0,Strength,33.4,2.3,3;2,24.96
37,Male,177;1.74,138,52,842.0,Yoga,22.3,2.6,3;2,16.22
53,Female,164;1.65,126,84,703.0,HIIT,33.7,1.6,3;4,28.76
36,Female,164;1.64,157,70,887.0,Strength,25.3,1.8,4;2,21.3
43,Female,223;1.61,127,69,732.0,Cardio,34.1,2.4,2;1,37.3
20,Male,168;1.62,132,51,980.0,Cardio,21.2,2.6,4;2,29.11
36,Male,191;1.77,156,74,1021.0,HIIT,26.5,3.4,2;2,35.18
37,Female,192;1.76,121,69,732.0,Strength,27.5,1.9,3;4,23.53
49,Male,234;1.86,160,64,1481.0,Strength,14.2,3.5,4;3,23.73
24,Female,189;1.76,130,46,410.0,HIIT,30.1,1.7,3;1,19.01
58,Male,187;1.87,143,55,1111.0,HIIT,10.7,3.5,4;5,23.51
50,Male,188;1.72,125,62,903.0,Strength,25.7,2.7,3;2,32.69
57,Male,183;1.86,145,70,1292.0,Cardio,12.0,3.5,5;3,23.53
56,Male,185;1.73,126,59,680.0,Yoga,26.6,2.8,3;4,54.52
35,Female,189;1.62,158,69,790.0,Cardio,33.8,1.5,4;2,25.07
57,Female,168;1.56,138,68,900.0,HIIT,29.1,1.6,4;0,13.16
18,Female,234;1.59,125,50,1169.0,Strength,16.4,2.7,4;3,25.28
28,Male,234;1.62,162,61,1034.0,Strength,20.1,2.3,3;2,45.79
45,Female,162;1.65,148,71,959.0,Yoga,30.7,1.6,3;1,16.35
42,Female,163;1.75,162,88,940.0,Strength,29.0,1.9,3;2,16.56
40,Female,184;1.61,158,61,1224.0,Yoga,16.9,2.7,4;3,21.26
48,Male,172;1.61,121,63,815.0,Cardio,21.8,3.6,4;2,28.43
47,Male,198;1.77,138,68,820.0,Cardio,24.3,2.9,4;5,17.75
59,Male,194;1.76,123,60,688.0,Strength,29.8,3.1,3;2,54.8
52,Female,182;1.68,125,90,900.0,Strength,16.5,2.7,4;2,21.36
24,Female,168;1.64,168,55,832.0,HIIT,31.0,1.9,2;4,15.02
33,Female,161;1.66,156,69,1006.0,HIIT,32.8,1.9,4;2,27.2
43,Male,190;1.72,147,58,597.0,Strength,27.5,2.0,2;1,42.19
19,Male,161;1.91,149,85,1074.0,Strength,23.3,2.9,2;0,30.37
18,Female,191;1.79,126,69,699.0,Cardio,31.1,2.1,2;1,19.01
29,Male,223;1.61,128,51,993.0,Strength,28.7,2.3,3;1,49.31
22,Male,172;1.92,144,55,919.0,HIIT,20.2,3.3,3;2,29.98
54,Male,164;1.71,152,86,579.0,Cardio,24.4,2.8,2;1,18.88
49,Male,160;1.72,120,72,832.0,Yoga,22.2,2.6,4;1,15.72
26,Female,177;1.66,125,57,506.0,HIIT,28.9,1.7,3;1,25.73
58,Male,234;1.75,137,58,739.0,HIIT,24.2,2.9,2;1,21.07
52,Male,170;1.72,129,70,594.0,Cardio,27.5,3.3,2;1,15.24
36,Male,189;1.99,147,73,1075.0,Yoga,20.9,2.5,3;2,45.84
33,Male,166;1.61,130,94,744.0,HIIT,25.1,2.4,3;2,45.14
20,Female,176;1.73,152,63,1056.0,Strength,30.6,2.1,4;2,23.44
37,Female,162;1.64,120,73,666.0,HIIT,29.9,1.7,3;2,26.47
41,Male,172;1.72,132,69,660.0,Cardio,27.3,3.1,4;2,26.64
50,Male,162;1.69,156,65,1012.0,Cardio,23.8,3.0,2;1,17.72
41,Male,185;1.79,139,61,1163.0,Cardio,14.7,3.5,4;5,25.75
28,Male,183;1.79,120,62,878.0,HIIT,24.8,2.1,4;4,33.86
25,Male,165;1.98,122,68,772.0,Yoga,25.7,2.1,3;4,12.73
53,Male,171;1.91,137,70,353.0,Strength,28.3,3.1,2;1,34.29
55,Female,195;1.66,160,59,763.0,Cardio,27.8,1.9,2;1,54.96
57,Male,161;1.63,133,80,632.0,Yoga,20.8,2.1,2;1,27.96
37,Female,184;1.57,150,62,982.0,Strength,32.1,2.4,3;1,22.15
52,Female,198;1.54,146,63,880.0,Cardio,29.8,1.9,3;2,20.16
42,Male,190;1.91,136,73,680.0,Strength,29.0,2.8,3;5,26.84
52,Female,228;1.54,165,97,1010.0,Strength,34.8,1.8,3;2,26.61
42,Female,177;1.69,148,61,713.0,Yoga,29.0,2.3,3;5,37.42
46,Female,190;1.7,155,53,1060.0,Strength,17.1,2.7,4;3,20.38
35,Female,195;1.6,156,53,803.0,Cardio,29.1,1.9,4;2,25.26
35,Female,199;1.59,145,66,1182.0,Yoga,16.6,2.7,5;1,37.87
19,Female,181;1.77,136,53,952.0,HIIT,32.8,2.7,2;1,18.77
52,Male,189;1.62,141,61,949.0,HIIT,27.6,3.2,3;1,40.09
33,Female,189;1.5,144,62,662.0,Yoga,29.8,1.7,3;1,20.4
58,Female,167;1.63,121,81,610.0,HIIT,25.4,2.0,3;2,24.54
53,Female,193;1.79,141,59,964.0,Strength,16.5,2.7,5;3,17.57
50,Male,154;1.7,124,74,497.0,Cardio,22.9,2.7,2;1,31.14
21,Female,179;1.7,123,52,1212.0,Strength,19.1,2.7,5;3,56.44
50,Male,236;1.71,155,64,1136.0,Yoga,20.9,2.9,2;1,17.61
31,Female,184;1.64,125,51,962.0,Cardio,19.0,2.7,4;3,23.46
38,Male,178;1.77,140,74,616.0,Yoga,26.7,3.4,2;1,29.21
37,Male,226;1.67,132,74,1009.0,Yoga,27.3,3.0,2;1,17.46
25,Female,152;1.56,156,66,1053.0,Yoga,29.3,1.6,3;2,57.51
24,Female,174;1.75,144,55,598.0,Strength,31.8,2.3,3;1,13.71
20,Male,232;1.92,145,57,502.0,Cardio,26.1,2.0,2;1,45.89
34,Female,178;1.57,158,52,1161.0,Cardio,32.7,2.4,3;1,18.59
50,Male,182;1.68,139,74,1232.0,Cardio,12.2,3.5,5;5,31.75
29,Male,186;2.0,152,67,1137.0,Strength,24.7,3.1,4;2,31.48
39,Male,199;1.99,133,71,593.0,HIIT,26.4,2.5,2;1,18.92
39,Male,191;1.7,155,50,938.0,Strength,21.1,2.5,4;2,32.32
47,Male,185;1.84,136,65,922.0,Strength,24.4,3.4,4;2,24.25
55,Female,186;1.69,140,56,567.0,Yoga,34.7,2.4,2;1,15.02
55,Male,178;1.68,165,52,923.0,Cardio,20.4,2.6,4;2,45.49
25,Male,188;1.96,135,72,1054.0,Cardio,23.2,2.5,2;5,50.03
44,Female,226;1.79,165,53,1047.0,HIIT,28.1,2.2,3;1,24.25
44,Male,192;1.99,135,58,936.0,HIIT,26.3,2.0,4;2,22.55
51,Female,158;1.55,139,54,876.0,Yoga,26.1,1.6,3;1,29.26
38,Female,196;1.72,148,68,792.0,Cardio,31.3,1.7,3;2,19.98
47,Female,178;1.69,147,64,979.0,HIIT,26.0,1.7,3;2,17.47
50,Male,192;1.67,127,61,333.0,HIIT,20.9,2.9,2;1,36.47
45,Male,175;1.91,143,55,729.0,Cardio,27.3,3.7,3;2,25.49
50,Male,182;1.6,122,67,465.0,Strength,23.2,3.1,2;2,34.14
22,Female,166;1.61,144,68,1166.0,HIIT,19.9,2.7,4;3,21.26
36,Male,185;1.69,138,85,987.0,Cardio,20.4,2.1,4;2,43.31
21,Female,191;1.57,152,64,1474.0,HIIT,17.2,2.7,4;2,24.87
52,Male,189;1.94,121,56,874.0,Yoga,21.1,2.9,3;2,19.21
34,Female,167;1.53,134,59,911.0,HIIT,28.5,2.1,2;1,29.56
45,Male,178;1.61,141,55,796.0,Cardio,30.0,2.2,4;2,31.4
47,Male,187;1.86,129,48,1181.0,HIIT,14.4,3.5,5;3,24.51
46,Male,164;1.72,137,66,970.0,Yoga,20.5,3.6,3;2,18.62
23,Female,185;1.78,141,95,1177.0,Yoga,17.8,2.7,5;3,18.62
52,Female,164;1.51,165,68,1359.0,HIIT,18.2,2.7,4;3,29.19
58,Male,181;1.75,168,54,840.0,HIIT,22.1,2.7,2;1,35.82
54,Male,229;1.9,146,72,585.0,Yoga,21.5,3.7,2;1,21.72
41,Female,179;1.79,132,59,832.0,Yoga,34.0,2.0,4;1,23.94
46,Female,187;1.61,152,68,684.0,Strength,34.7,2.2,4;2,56.93
48,Female,178;1.58,124,69,1105.0,Strength,20.0,2.7,4;3,25.2
52,Male,182;1.74,145,56,1321.0,Yoga,13.9,3.5,4;3,28.27
50,Female,183;1.57,132,73,742.0,HIIT,31.6,1.6,2;1,26.9
38,Male,177;1.97,146,51,1100.0,Cardio,23.5,2.8,3;1,15.8
49,Female,189;1.65,133,66,694.0,HIIT,26.7,1.8,4;2,26.12
40,Male,172;1.62,143,65,1022.0,HIIT,20.8,3.4,2;1,24.31
50,Female,221;1.55,122,65,1016.0,Strength,18.5,2.7,4;3,23.06
20,Female,172;1.58,166,62,863.0,Strength,32.8,2.4,3;2,29.92
35,Female,198;1.67,168,57,949.0,Strength,33.3,2.5,4;2,27.97
42,Female,192;1.67,149,55,764.0,Yoga,34.1,2.4,2;1,20.62
59,Female,173;1.73,154,55,714.0,Yoga,33.8,2.5,3;2,20.28
48,Male,160;1.74,167,58,1223.0,HIIT,30.0,2.3,3;1,22.79
20,Female,197;1.78,133,53,944.0,HIIT,27.4,2.0,4;2,58.13
57,Female,225;1.63,131,60,407.0,Cardio,32.6,2.3,3;1,28.49
41,Female,165;1.64,147,54,939.0,HIIT,30.9,2.3,3;2,26.47
49,Male,197;1.68,163,74,1468.0,HIIT,11.3,3.5,4;3,30.12
39,Female,227;1.56,148,66,903.0,Strength,34.8,2.4,2;1,26.13
40,Male,218;1.94,162,69,722.0,Strength,29.0,2.4,2;1,19.45
19,Female,186;1.52,136,56,653.0,Strength,26.3,1.6,2;1,20.91
44,Female,167;1.78,159,64,1066.0,Strength,25.3,2.6,3;5,13.51
59,Male,187;1.76,168,74,1123.0,Strength,26.9,3.0,3;2,28.44
19,Female,169;1.75,140,92,840.0,Cardio,31.0,1.7,4;2,50.47
43,Male,176;1.88,142,63,822.0,Cardio,29.4,3.3,3;1,20.71
34,Male,188;1.86,139,62,1086.0,Cardio,22.3,3.6,2;1,31.94
57,Female,165;1.76,130,60,842.0,Strength,25.8,1.7,3;2,54.13
50,Male,173;1.71,153,62,810.0,Yoga,22.6,3.4,4;2,31.05
26,Female,181;1.51,129,71,1096.0,Strength,15.1,2.7,5;3,26.01
56,Female,165;1.73,129,73,482.0,Strength,25.4,2.6,3;0,15.07
46,Male,185;1.77,162,58,1187.0,Cardio,29.1,3.6,3;2,14.36
59,Male,198;1.62,125,59,885.0,Strength,23.5,3.6,3;2,34.06
43,Male,171;1.69,155,53,875.0,Cardio,24.1,2.9,3;5,52.59
52,Male,194;1.72,143,66,927.0,Strength,20.2,2.6,3;2,23.97
42,Female,168;1.5,131,63,678.0,HIIT,27.7,1.5,3;2,21.87
41,Female,181;1.79,162,60,1451.0,Yoga,19.0,2.7,5;5,19.44
30,Male,182;1.87,142,59,500.0,Yoga,26.2,2.1,2;5,18.33
24,Female,166;1.75,146,62,1029.0,Cardio,32.5,2.0,3;1,16.9
53,Female,199;1.59,164,65,1100.0,HIIT,29.5,2.0,3;5,22.51
37,Female,184;1.71,156,50,881.0,Yoga,28.1,1.7,4;2,18.13
18,Female,172;1.55,125,92,525.0,Cardio,29.8,2.0,3;1,30.26
25,Male,180;1.96,120,65,442.0,Strength,23.2,2.3,3;1,19.91
33,Male,233;1.99,125,95,949.0,Strength,28.4,3.4,2;1,28.69
31,Female,168;1.62,169,74,1318.0,HIIT,16.5,2.7,4;3,23.81
29,Male,174;1.86,141,52,496.0,Yoga,26.6,2.5,2;1,27.52
40,Male,161;1.82,160,71,792.0,Strength,21.4,3.0,3;2,15.61
32,Male,215;1.67,143,72,448.0,Cardio,26.9,2.9,3;1,37.76
45,Female,172;1.68,144,63,888.0,Strength,34.1,1.6,3;1,25.23
51,Female,236;1.51,134,74,555.0,Strength,31.1,2.6,3;1,34.25
19,Female,193;1.68,145,55,877.0,Yoga,30.6,2.1,3;2,17.93
49,Male,194;1.89,127,51,440.0,Yoga,29.6,2.6,3;1,19.65
40,Female,197;1.53,143,92,1380.0,Cardio,18.1,2.7,5;3,26.74
39,Female,162;1.65,167,88,768.0,HIIT,27.6,1.7,3;1,55.23
42,Male,165;1.97,157,84,886.0,HIIT,22.9,2.6,3;4,19.69
39,Female,178;1.71,125,56,1175.0,Strength,18.5,2.7,4;3,21.65
39,Female,162;1.64,154,53,1024.0,Cardio,32.4,1.5,3;2,25.51
59,Male,177;1.88,161,67,1036.0,HIIT,23.0,2.6,4;2,34.89
23,Male,215;1.94,120,63,891.0,HIIT,23.5,2.9,2;4,28.43
32,Male,168;1.92,165,54,1289.0,Strength,29.9,3.5,2;1,22.28
54,Female,220;1.6,155,55,830.0,Cardio,26.0,2.3,4;2,18.67
50,Female,164;1.79,131,56,943.0,HIIT,17.0,2.7,4;3,18.23
25,Female,162;1.71,157,69,1123.0,Yoga,25.6,1.6,3;2,25.41
22,Male,170;1.82,130,50,715.0,Yoga,28.2,2.3,4;2,32.24
56,Male,224;1.8,131,85,817.0,Strength,20.9,2.7,4;2,57.91
21,Female,163;1.55,161,53,1103.0,Strength,31.7,1.7,4;2,22.98
23,Female,184;1.72,169,99,1056.0,Strength,25.6,1.5,2;5,24.91
49,Male,160;1.61,158,50,806.0,Strength,26.7,3.4,3;2,29.98
47,Male,186;1.6,126,60,1160.0,HIIT,14.2,3.5,5;3,34.53
52,Male,187;1.99,130,99,598.0,Cardio,24.0,2.0,2;1,23.9
57,Male,188;1.69,155,63,882.0,Strength,25.2,3.4,4;2,23.12
33,Female,224;1.75,150,48,638.0,Strength,29.0,1.7,2;1,22.27
30,Male,171;1.99,152,60,1145.0,HIIT,23.0,3.7,3;5,26.66
59,Female,184;1.65,132,59,725.0,Strength,33.0,2.2,2;1,15.46
47,Female,161;1.76,137,51,845.0,Strength,27.7,2.4,3;2,22.18
36,Female,196;1.74,160,53,1200.0,Cardio,32.2,1.6,4;2,15.59
34,Male,176;1.76,143,73,574.0,Yoga,22.1,3.5,3;1,29.7
36,Male,222;1.95,128,64,767.0,Strength,22.5,3.4,4;5,24.16
45,Male,194;1.72,150,65,973.0,HIIT,23.4,3.1,4;2,19.74
43,Male,181;1.95,160,70,1505.0,Cardio,12.9,3.5,5;3,21.8
54,Female,183;1.74,129,62,720.0,HIIT,29.5,2.1,2;1,22.1
43,Male,170;1.85,121,99,707.0,Cardio,27.5,3.2,2;1,19.37
40,Male,188;1.93,157,60,1192.0,Cardio,22.1,2.0,3;1,25.13
26,Female,194;1.5,134,60,1293.0,Strength,15.1,2.7,5;3,28.49
29,Male,174;1.62,122,55,1020.0,Strength,13.9,3.5,4;5,33.04
18,Female,190;1.59,162,72,996.0,Strength,33.2,2.2,4;2,24.52
18,Female,175;1.61,150,71,1425.0,Yoga,15.3,2.7,4;3,22.41
51,Female,169;1.6,125,55,838.0,Yoga,31.1,2.5,4;2,25.35
49,Female,191;1.62,122,93,626.0,HIIT,28.8,1.9,4;2,26.41
42,Female,161;1.74,130,67,608.0,Strength,32.9,1.6,3;1,14.1
57,Female,183;1.63,134,73,724.0,Yoga,33.7,2.0,4;2,19.35
18,Female,182;1.6,164,71,492.0,Strength,33.5,2.4,3;1,51.88
33,Female,161;1.61,147,87,1301.0,Yoga,18.9,2.7,4;4,21.45
56,Male,197;1.86,129,64,639.0,Yoga,22.7,2.2,3;2,36.22
22,Male,190;1.85,157,67,1278.0,Cardio,28.1,2.4,4;2,29.83
39,Male,199;1.77,166,69,1205.0,Strength,25.3,2.3,3;1,12.19
46,Male,185;1.64,169,63,1171.0,Strength,20.5,3.4,3;1,40.45
20,Female,188;1.58,169,74,422.0,Yoga,29.6,1.6,2;1,32.44
29,Male,162;1.99,126,54,1005.0,Strength,29.4,3.2,2;1,4.69
43,Female,234;1.66,134,53,440.0,Yoga,33.9,1.9,2;1,23.67
33,Male,156;1.99,137,51,1198.0,Strength,10.5,3.5,4;3,20.66
54,Male,160;1.76,137,94,868.0,Cardio,27.4,3.3,4;2,17.63
39,Male,162;1.88,160,66,634.0,Strength,28.1,3.6,2;1,30.47
46,Female,185;1.6,143,65,566.0,Cardio,27.7,1.6,3;1,55.92
31,Male,177;1.71,121,59,992.0,HIIT,24.7,2.5,4;2,26.95
45,Female,168;1.64,159,67,894.0,Strength,32.1,2.5,4;2,47.87
22,Female,197;1.59,139,66,883.0,Strength,29.4,1.8,3;2,20.05
47,Male,182;1.99,153,90,1500.0,Strength,10.6,3.5,4;3,21.87
22,Male,180;1.63,162,62,1203.0,Cardio,27.1,2.4,4;2,36.25
29,Male,160;1.98,145,50,1316.0,Strength,14.6,3.5,5;1,49.27
33,Female,180;1.53,126,50,1159.0,Strength,18.3,2.7,5;3,47.97
43,Male,186;1.85,157,56,995.0,Yoga,27.7,3.4,2;1,28.02
43,Female,165;1.58,149,50,1247.0,HIIT,16.8,2.7,5;2,57.48
38,Female,195;1.79,161,87,499.0,Cardio,26.8,2.7,2;1,12.67
56,Male,215;1.87,124,74,927.0,Yoga,13.2,3.5,5;4,24.22
53,Male,176;1.84,130,62,444.0,Cardio,23.3,2.9,3;1,31.04
50,Female,199;1.58,120,50,1042.0,Yoga,19.3,2.7,5;2,51.74
47,Female,162;1.76,153,54,1060.0,HIIT,15.6,2.7,5;5,19.69
54,Female,171;1.53,120,91,940.0,Yoga,17.2,2.7,4;4,34.94
40,Male,198;1.98,138,74,1085.0,Cardio,24.0,2.5,3;2,14.85
27,Female,171;1.76,121,66,569.0,Strength,34.4,2.0,3;1,22.89
22,Male,174;1.84,140,65,393.0,Strength,21.5,2.3,3;1,18.37
53,Female,216;1.7,139,85,663.0,HIIT,25.1,2.4,4;2,23.53
51,Female,182;1.5,142,66,914.0,Cardio,27.4,2.4,3;1,20.32
48,Male,189;1.7,140,64,700.0,Cardio,28.2,3.5,3;2,32.7
27,Female,164;1.79,143,73,994.0,Cardio,27.1,1.5,2;1,18.1
36,Male,168;1.94,123,50,1218.0,HIIT,11.2,3.5,5;2,22.32
49,Male,180;1.87,131,66,739.0,Strength,21.3,3.0,4;2,17.44
18,Female,170;1.53,141,54,1396.0,Yoga,18.6,2.7,5;3,27.68
22,Male,164;1.77,139,99,795.0,HIIT,20.7,2.4,3;1,14.59
21,Male,234;1.9,137,55,1356.0,Yoga,11.7,3.5,4;3,22.41
33,Female,186;1.63,120,74,948.0,Strength,16.4,2.7,5;3,24.13
41,Male,161;1.77,149,50,900.0,HIIT,25.6,2.6,3;2,31.82
33,Male,183;1.6,152,74,1170.0,Strength,27.3,3.3,4;2,37.83
19,Male,190;1.85,143,50,952.0,Yoga,25.3,2.3,4;2,27.79
45,Female,192;1.57,133,59,395.0,Cardio,34.3,2.3,2;1,26.57
49,Male,198;1.64,155,59,921.0,Cardio,29.5,3.1,3;2,56.38
44,Female,189;1.76,124,71,491.0,Yoga,28.6,2.6,2;1,15.5
37,Female,163;1.5,130,66,448.0,Cardio,32.8,2.4,2;3,21.24
41,Male,187;1.69,143,56,545.0,Yoga,27.4,3.4,2;1,23.14
29,Male,228;1.7,150,60,627.0,HIIT,28.9,2.9,2;1,30.69
52,Male,170;1.78,132,59,555.0,HIIT,24.5,2.3,2;4,15.88
50,Female,234;1.68,135,50,729.0,HIIT,30.3,2.0,2;1,24.55
50,Male,198;1.63,143,58,1203.0,Cardio,12.1,3.5,4;3,32.63
54,Male,199;1.94,132,73,882.0,Strength,28.5,2.9,3;2,13.3
29,Male,181;1.93,143,66,1479.0,Cardio,11.1,3.5,5;3,57.98
20,Male,194;1.82,145,63,997.0,Cardio,22.4,3.2,3;5,37.53
18,Male,161;1.85,121,53,586.0,Strength,23.7,3.0,3;1,55.92
50,Female,198;1.72,135,66,753.0,Strength,27.3,2.0,4;2,23.56
57,Female,216;1.52,157,66,926.0,Strength,30.6,1.8,3;1,36.05
27,Male,215;1.97,165,61,1025.0,Strength,21.3,2.3,2;1,19.71
46,Male,164;1.82,120,69,873.0,Cardio,23.2,3.2,3;2,28.59
30,Male,180;1.75,168,67,1155.0,Yoga,29.1,3.1,2;1,22.17
29,Male,226;1.87,130,52,937.0,HIIT,24.1,3.2,4;3,34.63
48,Female,179;1.64,154,93,1012.0,Yoga,32.5,1.9,4;2,26.58
19,Male,197;1.7,162,54,740.0,Cardio,21.1,2.4,2;1,34.12
52,Female,179;1.63,148,67,779.0,Strength,27.5,2.4,3;1,53.13
40,Female,184;1.69,156,57,920.0,HIIT,33.1,2.4,4;5,57.76
34,Male,161;1.63,136,66,1055.0,HIIT,27.6,2.8,3;2,41.15
43,Female,184;1.59,158,67,931.0,Yoga,28.9,2.2,3;1,28.88
25,Female,210;1.51,161,54,1304.0,Cardio,19.8,2.7,5;5,26.05
46,Female,215;1.65,147,63,463.0,Cardio,34.1,1.9,2;5,54.85
43,Female,162;1.65,148,59,886.0,Cardio,34.6,2.3,3;2,15.5
27,Male,192;1.64,162,64,1622.0,HIIT,12.1,3.5,4;5,33.2
43,Male,184;1.76,122,50,658.0,Yoga,22.0,3.4,3;1,35.51
51,Female,164;1.58,129,91,499.0,HIIT,31.3,2.3,3;1,26.52
58,Male,236;1.66,161,60,964.0,HIIT,26.8,2.9,2;5,21.27
24,Male,178;1.67,133,72,710.0,Strength,21.3,2.8,3;1,18.29
21,Male,209;1.95,131,69,699.0,Yoga,27.9,3.1,3;1,26.69
28,Male,184;1.87,166,55,959.0,Strength,20.2,3.2,3;2,28.7
46,Male,194;1.72,161,91,725.0,Cardio,24.8,2.9,2;1,18.39
53,Female,180;1.57,149,84,898.0,HIIT,28.3,2.2,3;2,21.26
42,Male,189;1.81,151,65,1151.0,Yoga,13.7,3.5,5;4,26.01
38,Male,164;1.74,151,85,1379.0,Cardio,11.6,3.5,5;3,27.61
53,Male,227;1.92,161,87,1084.0,Yoga,28.3,2.2,4;2,31.3
27,Male,181;1.97,151,73,615.0,HIIT,25.9,3.6,3;0,18.35
54,Female,198;1.6,145,59,718.0,Yoga,32.9,2.4,4;2,30.51
26,Female,225;1.65,120,58,642.0,Cardio,34.9,1.9,4;4,19.91
41,Female,162;1.76,161,68,920.0,Strength,31.8,2.2,4;4,25.05
52,Female,179;1.62,121,61,768.0,HIIT,34.8,1.6,3;1,16.8
52,Male,190;1.8,136,66,1144.0,Strength,10.1,3.5,5;3,26.39
53,Female,153;1.76,149,87,711.0,HIIT,28.4,1.5,4;2,58.19
35,Male,183;1.94,158,64,730.0,Cardio,21.1,2.4,2;1,51.64
56,Male,222;1.9,126,64,412.0,HIIT,22.6,3.2,2;3,32.69
49,Male,192;1.84,146,71,932.0,Strength,28.4,3.4,4;2,24.31
41,Male,167;1.87,128,84,1185.0,HIIT,10.2,3.5,5;3,23.33
40,Male,183;1.88,141,61,946.0,Cardio,25.2,3.0,3;1,45.74
49,Female,179;1.54,153,63,881.0,HIIT,30.7,2.1,3;2,20.75
54,Female,175;1.5,165,58,1025.0,Strength,30.6,2.0,2;1,20.71
29,Female,171;1.72,168,62,907.0,Cardio,29.8,1.7,4;3,21.72
30,Female,172;1.55,120,52,780.0,Strength,32.9,1.6,3;2,25.22
40,Male,198;1.61,128,87,612.0,HIIT,21.3,3.3,2;1,20.1
42,Female,184;1.77,139,63,382.0,Yoga,28.1,2.6,2;1,47.93
52,Male,191;1.74,138,70,1011.0,Strength,26.2,2.8,4;2,22.45
58,Female,181;1.57,155,93,753.0,HIIT,31.9,2.3,3;1,17.93
47,Male,168;1.84,159,65,1133.0,Yoga,24.0,3.6,3;2,26.32
34,Male,199;1.62,164,56,731.0,Yoga,28.8,2.2,2;1,25.11
37,Female,182;1.57,123,98,597.0,Cardio,29.2,2.4,2;1,22.56
42,Male,172;1.98,128,69,868.0,Yoga,24.0,3.0,2;1,16.25
39,Male,165;1.82,160,98,1725.0,Strength,10.2,3.5,5;3,26.02
30,Female,174;1.63,141,74,1304.0,Strength,17.8,2.7,4;3,22.28
36,Male,195;1.88,137,60,1492.0,Yoga,13.5,3.5,5;2,24.16
53,Female,164;1.55,131,65,831.0,HIIT,26.1,2.2,4;2,28.35
29,Female,181;1.62,161,60,684.0,Strength,28.1,1.9,2;1,22.86
58,Female,175;1.69,162,53,933.0,Strength,32.8,2.3,4;2,26.19
36,Male,169;1.65,158,71,1199.0,Cardio,23.7,3.4,4;2,33.17
29,Male,194;1.65,128,71,1169.0,HIIT,11.2,3.5,4;3,31.63
26,Male,177;1.66,125,72,639.0,Yoga,26.7,2.2,2;1,26.75
24,Female,177;1.56,138,66,980.0,HIIT,27.0,2.1,3;2,27.82
45,Male,166;1.96,167,62,1066.0,Cardio,29.0,2.2,3;1,20.38
31,Female,163;1.65,166,60,913.0,Cardio,26.1,2.5,2;2,17.7
48,Female,237;1.51,126,52,777.0,HIIT,32.1,2.1,4;2,24.91
36,Male,164;1.63,135,58,757.0,Cardio,25.0,3.4,4;2,42.3
33,Female,175;1.67,124,66,558.0,Cardio,33.7,1.9,3;1,21.16
22,Male,232;1.88,135,71,386.0,Cardio,21.3,2.2,2;2,27.84
52,Male,185;1.6,120,70,796.0,HIIT,26.8,2.1,4;2,46.53
29,Male,177;1.81,156,60,1107.0,Cardio,25.7,2.5,4;2,32.51
42,Male,188;1.93,158,96,1314.0,Yoga,12.4,3.5,4;3,23.73
38,Male,182;1.79,138,68,1321.0,Yoga,12.5,3.5,5;3,27.59
53,Female,195;1.74,156,54,962.0,Strength,32.2,1.8,3;1,17.6
40,Female,174;1.56,136,63,415.0,Yoga,34.4,2.2,2;2,23.87
33,Female,192;1.76,145,66,834.0,Strength,25.9,1.5,4;2,23.95
56,Male,184;1.63,141,52,705.0,HIIT,20.2,2.9,4;2,31.84
59,Male,176;1.92,127,53,453.0,Cardio,28.1,2.7,3;1,21.16
56,Male,176;1.68,152,65,1332.0,Yoga,10.5,3.5,5;3,31.53
31,Female,182;1.76,121,65,883.0,Strength,34.9,2.2,3;1,13.78
48,Male,176;1.82,149,58,1401.0,HIIT,13.1,3.5,5;3,25.33
22,Female,173;1.52,166,74,1204.0,Strength,31.5,2.3,3;1,34.06
52,Female,229;1.52,139,98,794.0,Cardio,27.0,2.3,4;2,28.52
40,Male,179;1.92,137,68,851.0,Yoga,22.4,3.7,4;2,20.86
46,Male,189;2.0,162,66,1467.0,HIIT,13.3,3.5,5;3,21.07
28,Female,178;1.6,129,62,710.0,Strength,34.1,1.7,3;3,24.37
35,Male,198;1.74,143,96,810.0,HIIT,29.8,2.7,4;2,21.04
29,Female,172;1.52,123,72,910.0,Strength,27.0,2.0,3;1,23.76
26,Male,177;1.79,156,73,1004.0,Strength,21.3,2.7,3;2,49.22
27,Male,160;1.86,123,50,907.0,Cardio,20.6,3.1,2;1,30.76
34,Female,192;1.5,132,61,904.0,Cardio,33.7,2.1,4;3,30.4
55,Male,198;1.86,144,95,969.0,Strength,22.9,2.9,4;2,51.49
24,Female,199;1.5,132,60,825.0,Yoga,25.0,2.0,3;2,26.4
30,Male,177;1.91,137,54,957.0,HIIT,22.2,3.7,3;1,47.46
57,Female,168;1.52,143,51,592.0,HIIT,28.4,2.6,3;1,26.79
59,Female,192;1.68,121,66,637.0,Cardio,34.9,1.9,3;4,25.05
26,Male,226;1.9,167,57,937.0,Yoga,25.2,2.2,2;3,30.89
44,Female,176;1.66,152,92,958.0,Strength,27.0,2.5,2;5,26.16
19,Male,177;1.87,138,70,463.0,Cardio,23.3,3.7,3;1,50.12
22,Male,186;1.9,128,58,1345.0,Strength,11.7,3.5,5;3,23.88
46,Male,165;1.68,147,62,844.0,Strength,20.2,2.5,4;2,38.57
54,Female,194;1.72,154,60,672.0,Cardio,26.4,1.9,3;1,25.55
55,Female,167;1.73,158,65,768.0,Yoga,32.0,2.6,3;1,32.9
36,Male,193;1.86,129,65,972.0,HIIT,21.2,3.2,3;1,27.69
25,Male,188;1.83,120,51,686.0,Cardio,22.3,2.5,3;2,36.01
18,Female,167;1.55,161,65,1143.0,Yoga,28.5,2.2,3;2,22.12
39,Male,163;1.89,140,89,593.0,Strength,27.6,3.6,2;1,23.88
34,Male,169;1.68,128,57,472.0,Cardio,25.8,3.4,2;5,24.09
24,Female,169;1.57,166,90,1071.0,HIIT,31.9,2.4,2;1,21.34
42,Male,183;1.77,134,88,876.0,HIIT,25.7,3.3,3;5,20.2
21,Female,219;1.65,154,62,878.0,Strength,31.8,1.7,3;1,28.03
53,Male,170;1.63,124,74,331.0,Cardio,20.0,3.4,3;1,14.62
23,Female,186;1.61,160,66,1072.0,HIIT,34.3,1.8,2;1,26.16
48,Male,175;1.86,141,56,949.0,Cardio,21.1,3.6,3;1,33.21
36,Male,185;1.71,160,73,1646.0,HIIT,12.0,3.5,5;3,30.09
56,Female,228;1.58,142,52,927.0,Strength,32.7,1.9,2;1,27.12
44,Male,175;1.85,126,69,842.0,Strength,24.4,3.5,4;2,25.21
27,Female,166;1.58,142,62,895.0,Cardio,34.5,1.8,4;2,47.65
43,Male,175;1.88,163,68,831.0,Yoga,24.7,2.9,3;1,17.32
36,Female,194;1.68,144,56,886.0,Yoga,33.7,1.6,3;1,17.25
56,Female,175;1.7,146,58,848.0,Strength,33.1,2.3,2;1,17.51
20,Female,199;1.73,160,62,1016.0,HIIT,34.8,2.5,3;5,24.26
30,Female,171;1.56,125,62,644.0,Yoga,34.3,2.4,4;2,28.93
45,Male,205;1.88,153,91,818.0,Strength,29.0,2.9,4;3,14.85
37,Male,237;1.77,128,57,957.0,HIIT,27.3,2.1,4;2,24.35
45,Female,195;1.58,168,72,1111.0,HIIT,28.7,2.6,2;5,16.5
25,Female,194;1.76,152,87,1186.0,Yoga,15.5,2.7,4;3,17.85
58,Female,191;1.67,125,72,776.0,Strength,31.9,2.3,4;2,17.82
56,Male,185;1.87,156,51,525.0,HIIT,29.8,3.3,3;1,13.81
18,Male,183;1.96,150,67,1510.0,HIIT,13.6,3.5,4;3,21.66
20,Male,186;1.73,153,67,850.0,Cardio,29.3,3.4,3;2,40.26
30,Male,179;2.0,160,60,1091.0,Cardio,28.0,3.3,4;2,24.67
45,Female,184;1.75,148,50,759.0,Yoga,26.6,2.0,4;2,23.84
42,Female,161;1.67,133,91,1053.0,Cardio,16.2,2.7,5;1,20.62
50,Female,168;1.53,155,65,983.0,Strength,28.4,2.4,4;5,53.09
55,Male,187;1.73,155,60,529.0,Yoga,21.7,3.1,3;0,43.4
23,Male,197;1.92,134,50,656.0,Yoga,25.8,3.5,2;1,29.46
49,Male,162;2.0,127,56,1150.0,Cardio,14.9,3.5,4;4,49.15
38,Female,179;1.51,145,65,906.0,HIIT,32.6,2.5,3;1,21.8
33,Female,165;1.54,155,63,822.0,Strength,29.2,1.5,3;1,23.78
38,Male,198;1.74,167,93,946.0,Strength,20.0,2.6,4;5,15.49
28,Female,192;1.67,140,63,1022.0,Strength,28.1,1.5,4;2,25.57
54,Male,160;1.86,147,70,830.0,Yoga,25.3,2.2,3;2,20.7
53,Male,196;1.61,123,60,1139.0,Strength,11.6,3.5,5;0,31.75
52,Female,165;1.69,135,65,826.0,HIIT,26.1,2.2,3;1,49.7
36,Male,193;1.62,141,68,651.0,HIIT,24.4,3.5,3;1,41.84
37,Female,174;1.69,131,66,354.0,Cardio,27.5,1.6,2;4,25.73
35,Male,185;1.85,135,55,1322.0,Strength,14.5,3.5,5;4,19.59
58,Female,173;1.68,159,60,737.0,Yoga,26.0,2.0,4;2,21.61
31,Female,166;1.8,157,61,463.0,Cardio,25.5,2.6,2;5,19.51
32,Female,190;1.63,161,58,1344.0,HIIT,15.0,2.7,5;1,23.56
48,Male,183;1.76,156,67,1398.0,Strength,11.6,3.5,5;3,28.12
18,Male,180;1.84,148,66,1408.0,HIIT,13.3,3.5,5;3,24.31
20,Female,188;1.78,137,61,1171.0,Cardio,18.7,2.7,4;3,50.36
33,Female,191;1.66,129,72,806.0,HIIT,29.5,2.5,3;2,19.49
40,Male,181;2.0,161,71,1257.0,Strength,26.8,2.9,4;2,52.48
28,Male,173;1.86,158,92,921.0,Strength,23.6,3.3,4;2,37.11
29,Male,176;1.89,137,54,1319.0,Cardio,13.3,3.5,5;3,24.64
27,Female,195;1.52,120,60,714.0,Strength,25.4,2.1,4;2,27.57
49,Male,183;1.87,158,53,1009.0,HIIT,23.9,2.3,4;1,18.05
33,Male,218;1.75,140,53,1078.0,HIIT,27.9,2.2,3;2,33.5
25,Female,184;1.55,120,52,330.0,Yoga,33.0,1.7,2;1,32.34
55,Male,224;1.88,134,73,789.0,Yoga,27.2,2.6,4;4,29.38
29,Male,219;1.86,123,72,1028.0,Yoga,11.0,3.5,4;3,25.15
41,Male,177;1.66,139,89,1355.0,HIIT,11.2,3.5,5;3,30.05
45,Female,196;1.68,129,66,441.0,HIIT,35.0,2.6,3;2,23.17
25,Female,185;1.71,142,56,632.0,Cardio,26.0,2.5,2;1,16.14
45,Female,186;1.7,160,53,684.0,Yoga,26.8,2.0,3;1,47.73
53,Female,222;1.55,153,72,806.0,HIIT,26.3,2.1,4;2,30.59
43,Female,167;1.73,165,62,1240.0,Cardio,16.6,2.7,5;3,26.28
25,Female,179;1.71,167,61,935.0,HIIT,27.1,1.8,3;3,22.02
45,Female,181;1.74,152,50,807.0,Cardio,30.0,2.3,4;2,24.28
45,Male,178;1.81,153,70,1287.0,Yoga,12.4,3.5,5;3,27.35
54,Male,237;1.76,158,68,1158.0,Yoga,29.0,3.4,3;2,27.92
58,Female,234;1.67,129,70,743.0,Yoga,25.3,1.8,4;3,16.53
53,Male,194;1.97,139,69,894.0,HIIT,23.2,2.1,3;2,17.65
44,Male,170;1.84,120,67,748.0,HIIT,26.0,3.1,4;4,30.97
34,Female,232;1.52,132,65,746.0,Cardio,31.0,2.2,3;1,57.85
26,Male,198;1.77,120,84,759.0,Strength,24.8,2.7,3;3,15.23
50,Male,195;1.84,124,48,847.0,Strength,28.2,3.1,4;2,15.42
37,Male,189;1.95,135,66,1173.0,Yoga,10.3,3.5,5;3,48.11
30,Male,234;1.68,134,92,1076.0,Strength,28.2,2.9,4;3,35.79
45,Male,178;1.95,168,59,881.0,Yoga,24.9,2.4,3;2,31.14
46,Female,171;1.72,147,57,933.0,Cardio,26.3,2.0,3;1,52.8
30,Female,219;1.74,150,64,810.0,Strength,33.9,2.0,3;2,54.47
52,Female,190;1.51,142,59,479.0,Strength,31.5,2.6,3;1,35.04
23,Male,196;1.85,167,53,661.0,Yoga,21.6,3.6,2;3,35.44
35,Female,227;1.64,164,70,1050.0,Cardio,25.3,2.6,4;2,29.34
22,Male,174;1.62,162,62,1675.0,Strength,10.7,3.5,5;3,33.72
42,Male,188;1.63,136,88,350.0,Strength,26.1,3.2,3;1,29.51
19,Male,185;1.93,168,70,1173.0,Strength,21.8,3.0,4;3,21.71
27,Male,161;1.98,153,53,1515.0,Cardio,11.1,3.5,4;2,22.57
47,Female,179;1.62,132,64,303.0,Cardio,25.3,2.3,3;1,39.18
22,Female,227;1.56,133,66,978.0,Strength,32.2,2.6,3;4,17.59
50,Male,163;1.79,130,61,753.0,Yoga,28.1,2.4,4;2,20.13
18,Female,171;1.53,147,52,948.0,Yoga,33.0,2.1,3;2,21.66
35,Male,175;1.66,161,59,1151.0,Strength,21.3,3.2,3;4,21.48
49,Female,182;1.73,151,99,938.0,Cardio,34.0,2.3,2;1,26.36
28,Female,185;1.63,154,59,847.0,Strength,31.7,1.8,3;0,29.62
38,Male,170;1.92,150,73,1081.0,Cardio,29.0,3.0,4;2,53.26
43,Female,187;1.59,136,72,502.0,Strength,29.5,2.5,2;1,21.0
42,Male,161;1.65,166,67,904.0,Cardio,24.4,2.8,3;2,23.8
39,Female,167;1.61,128,50,749.0,HIIT,32.8,2.5,2;1,30.69
44,Male,188;1.63,129,52,856.0,Yoga,20.9,2.6,4;2,38.5
30,Male,176;1.92,127,70,789.0,HIIT,25.2,3.6,2;1,49.84
50,Female,196;1.6,140,68,1184.0,Yoga,19.2,2.7,5;3,19.71
51,Female,171;1.55,132,74,422.0,Cardio,33.3,2.1,2;1,16.87
58,Male,173;1.79,169,52,937.0,HIIT,29.6,3.0,3;1,16.23
52,Female,169;1.67,124,63,837.0,Yoga,32.0,1.5,2;1,18.68
18,Female,194;1.54,125,54,606.0,Strength,27.1,1.7,2;1,30.44
38,Male,153;1.8,149,52,1410.0,Cardio,10.1,3.5,4;3,26.48
23,Male,194;1.85,150,74,1320.0,Cardio,12.4,3.5,4;3,23.78
45,Female,170;1.65,136,50,887.0,Strength,30.1,2.3,2;1,24.83
34,Male,173;1.78,130,53,987.0,Strength,22.4,2.7,4;1,16.41
22,Male,162;1.93,139,53,1086.0,Yoga,21.2,2.9,4;2,53.81
48,Male,226;1.77,167,51,1248.0,Cardio,12.9,3.5,4;3,48.03
22,Female,173;1.72,128,98,640.0,Yoga,32.6,1.6,3;2,19.71
55,Female,215;1.7,121,67,719.0,Strength,34.9,2.5,3;3,21.8
20,Male,170;1.94,156,50,875.0,Cardio,27.6,3.3,4;2,29.49
40,Female,198;1.66,120,71,762.0,Strength,32.9,1.7,3;2,19.09
54,Male,177;2.0,123,65,688.0,Yoga,26.2,3.1,3;5,29.1
54,Female,180;1.61,155,52,983.0,Yoga,34.9,2.5,4;2,29.17
27,Male,169;1.8,144,72,1172.0,Yoga,26.4,3.1,2;1,19.01
27,Male,174;1.8,122,70,926.0,Cardio,28.6,2.5,4;2,33.33
36,Female,178;1.75,128,58,634.0,Strength,34.5,2.3,3;1,16.37
34,Male,181;1.94,141,72,915.0,Strength,29.3,2.4,4;2,20.11
38,Female,180;1.6,142,53,859.0,Yoga,28.8,1.9,4;2,24.21
31,Female,191;1.73,131,70,766.0,Yoga,25.8,1.8,3;2,19.45
26,Male,218;1.68,129,54,802.0,Yoga,21.7,2.9,3;1,19.73
18,Male,172;1.67,153,58,1229.0,Yoga,20.6,2.2,3;2,45.14
30,Female,164;1.67,162,70,826.0,HIIT,26.1,2.6,4;2,48.15
21,Male,163;1.86,129,58,972.0,HIIT,21.8,2.6,3;2,55.92
18,Male,187;1.82,149,52,983.0,HIIT,23.4,2.4,3;2,19.47
57,Male,173;1.86,141,55,796.0,Yoga,25.4,2.8,4;5,22.14
49,Male,167;1.83,125,73,1225.0,Yoga,13.6,3.5,5;2,47.01
51,Male,168;1.71,169,60,954.0,Strength,22.1,2.5,2;2,20.76
45,Female,226;1.55,121,58,909.0,Cardio,18.4,2.7,5;3,23.81
48,Female,196;1.59,149,64,798.0,Strength,32.0,2.1,3;2,28.88
25,Male,180;1.99,121,86,752.0,HIIT,25.6,2.6,3;5,31.26
56,Male,177;1.66,151,52,1024.0,Strength,29.0,2.2,2;5,19.06
43,Male,192;1.92,161,54,988.0,Yoga,21.1,2.5,3;1,20.83
51,Female,167;1.53,135,74,674.0,HIIT,26.8,2.0,4;2,23.37
20,Male,215;1.94,131,71,821.0,HIIT,24.3,2.1,3;1,24.52
29,Female,165;1.55,120,68,720.0,Cardio,26.3,2.4,4;2,29.89
18,Female,193;1.57,127,94,679.0,Cardio,30.7,2.2,3;3,27.14
22,Female,165;1.76,167,66,1144.0,HIIT,29.0,2.2,4;2,15.72
47,Male,181;1.71,169,71,1188.0,HIIT,22.8,2.9,3;1,22.64
47,Female,173;1.76,132,63,475.0,Strength,26.7,2.2,3;1,56.77
34,Male,229;1.85,134,66,870.0,HIIT,23.4,3.6,4;5,21.47
40,Female,171;1.55,163,74,693.0,Yoga,31.1,1.5,3;1,29.14
32,Male,228;1.74,127,63,1013.0,Strength,25.8,2.1,3;1,47.85
54,Female,171;1.65,129,61,749.0,Yoga,26.6,1.7,4;1,16.09
38,Male,161;1.62,165,65,1216.0,Yoga,21.2,2.3,4;2,46.98
31,Female,165;1.56,124,50,1116.0,Yoga,15.1,2.7,5;3,23.79
19,Male,174;1.96,169,86,1766.0,HIIT,10.1,3.5,5;3,21.45
28,Male,182;1.79,138,55,1025.0,Cardio,28.8,2.3,4;2,26.47
56,Male,188;1.66,166,66,1060.0,Cardio,20.5,3.1,3;2,49.94
55,Male,176;1.77,157,61,777.0,Yoga,27.3,2.8,3;2,27.58
51,Female,191;1.8,130,90,626.0,HIIT,33.7,2.7,4;1,31.22
55,Female,166;1.62,162,68,394.0,Strength,26.0,1.8,3;1,26.98
51,Male,189;1.67,139,55,950.0,Yoga,24.4,2.5,3;2,41.34
35,Female,187;1.56,139,56,1188.0,Strength,19.8,2.7,5;5,26.95
47,Male,173;1.8,140,50,942.0,Strength,28.3,3.7,3;1,22.81
32,Male,189;1.96,137,50,1025.0,HIIT,24.9,3.4,3;2,25.33
44,Female,176;1.65,169,54,966.0,HIIT,32.6,2.1,4;1,22.19
51,Male,191;1.61,129,55,868.0,Cardio,28.3,2.9,2;1,19.02
55,Male,221;1.78,153,96,1091.0,Cardio,23.5,3.4,3;1,24.32
50,Female,183;1.55,145,58,581.0,HIIT,33.9,2.1,3;1,30.63
41,Male,165;1.78,149,90,929.0,Yoga,24.7,2.4,3;1,14.87
32,Male,186;1.62,128,63,408.0,Cardio,25.3,3.4,2;5,24.84
47,Male,177;1.64,165,50,1634.0,Strength,15.0,3.5,4;3,54.58
59,Male,183;1.71,150,62,423.0,Yoga,28.4,2.9,3;1,33.07
34,Female,196;1.61,161,69,821.0,Strength,28.6,1.7,3;2,18.09
22,Female,183;1.62,123,59,849.0,HIIT,25.1,2.1,3;5,51.05
46,Female,197;1.54,125,73,906.0,Strength,18.1,2.7,4;5,26.35
21,Male,236;1.69,133,59,775.0,Yoga,27.0,2.7,3;1,38.76
27,Male,199;1.83,123,58,954.0,HIIT,26.5,3.5,3;2,30.64
34,Female,174;1.62,145,62,1276.0,Yoga,19.8,2.7,5;2,24.5
27,Male,193;1.61,166,92,1598.0,Strength,14.3,3.5,4;3,31.13
34,Male,182;1.81,167,67,1249.0,Yoga,24.5,2.2,2;1,35.19
37,Male,183;1.69,158,53,1573.0,HIIT,10.3,3.5,5;5,30.74
41,Male,160;1.61,136,76,714.0,Strength,24.8,3.5,4;3,28.66
22,Female,177;1.7,138,66,938.0,Strength,31.9,2.1,4;4,27.16
51,Female,171;1.58,168,68,733.0,Cardio,31.1,2.0,2;1,30.96
23,Female,176;1.7,125,72,319.0,Cardio,30.4,1.7,2;1,22.32
19,Male,199;1.94,148,62,952.0,Yoga,24.7,3.2,3;4,19.13
30,Female,166;1.77,130,62,916.0,Cardio,27.9,2.6,4;1,56.64
28,Female,182;1.58,135,65,1006.0,Cardio,27.8,2.0,3;2,27.88
40,Male,234;1.99,149,51,951.0,Cardio,25.0,2.4,4;2,56.81
33,Male,193;1.89,144,50,1148.0,Cardio,21.6,2.9,3;2,22.75
48,Female,170;1.69,159,88,537.0,HIIT,28.4,2.5,3;1,23.88
28,Female,181;1.59,130,54,968.0,HIIT,28.2,1.5,3;2,31.49
33,Female,194;1.52,126,61,643.0,Cardio,30.9,2.3,2;5,48.86
25,Female,163;1.58,145,87,986.0,Yoga,25.7,2.2,3;1,23.11
21,Male,181;1.93,141,96,1024.0,HIIT,28.3,2.5,3;3,19.92
57,Female,177;1.56,144,73,985.0,Cardio,17.8,2.7,5;2,26.46
21,Female,173;1.78,138,71,380.0,HIIT,31.7,2.0,2;2,17.33
42,Male,185;1.64,150,62,468.0,Strength,27.0,2.4,3;1,18.7
20,Female,229;1.68,145,62,660.0,HIIT,27.9,2.4,2;1,35.25
49,Male,183;1.99,161,67,741.0,HIIT,24.7,3.1,3;1,14.6
20,Male,219;1.8,160,73,695.0,Yoga,29.6,2.9,2;0,25.62
44,Male,167;1.79,155,70,1159.0,HIIT,13.8,3.5,5;3,25.75
46,Female,163;1.73,142,56,709.0,Yoga,34.7,2.0,3;1,22.22
49,Female,186;1.67,166,50,695.0,Strength,32.5,1.8,3;1,25.17
36,Male,195;1.93,132,54,1082.0,Cardio,21.8,3.4,3;2,55.22
38,Female,164;1.52,144,89,857.0,Yoga,25.6,2.0,4;2,30.43
22,Female,192;1.56,121,57,877.0,HIIT,30.8,2.1,4;1,47.74
35,Male,193;1.76,121,64,559.0,HIIT,23.6,2.9,2;1,20.97
45,Male,189;1.95,135,69,982.0,Yoga,22.8,2.8,3;1,20.83
59,Female,167;1.77,128,89,841.0,Strength,33.1,1.8,3;1,24.19
39,Male,197;1.88,147,51,445.0,Cardio,23.7,2.2,2;1,47.25
38,Female,153;1.56,132,54,1082.0,HIIT,16.6,2.7,5;3,23.71
23,Female,180;1.6,154,50,585.0,Strength,33.5,1.6,3;5,18.52
18,Female,193;1.75,160,68,1032.0,Cardio,33.5,2.4,3;2,18.68
22,Female,159;1.72,132,54,977.0,Cardio,28.6,1.8,4;1,45.43
58,Male,199;1.72,150,55,668.0,HIIT,28.3,2.1,2;1,30.49
29,Male,178;1.72,140,51,1378.0,Yoga,14.3,3.5,4;3,18.84
43,Male,198;1.77,151,50,807.0,HIIT,24.2,3.4,3;1,37.97
51,Male,198;1.65,153,53,924.0,HIIT,20.7,2.3,3;2,21.67
31,Female,187;1.77,127,67,1092.0,HIIT,15.0,2.7,4;3,19.31
43,Female,173;1.72,160,68,742.0,Strength,30.2,2.3,4;2,18.19
44,Male,197;1.97,167,50,1372.0,Yoga,11.7,3.5,5;3,22.31
26,Female,184;1.67,121,50,829.0,Strength,35.0,1.9,2;1,26.1
43,Female,177;1.77,157,72,1046.0,HIIT,32.7,1.7,4;2,21.16
39,Female,184;1.6,151,69,672.0,Yoga,32.6,2.0,2;1,21.87
47,Male,166;1.93,159,65,1015.0,Cardio,29.6,2.0,3;2,12.32
34,Male,197;1.64,147,57,1536.0,Yoga,14.4,3.5,4;3,48.57
43,Male,187;1.79,156,62,1012.0,HIIT,23.2,3.4,2;1,26.42
53,Female,216;1.79,160,88,965.0,Yoga,26.7,2.1,3;5,13.95
18,Male,162;1.63,120,73,436.0,Cardio,27.5,2.2,3;1,23.79
25,Male,190;1.9,160,72,1294.0,Cardio,23.8,2.4,4;2,26.48
52,Male,179;1.86,129,67,645.0,Yoga,24.7,2.8,3;2,13.82
32,Male,184;1.64,123,69,1197.0,Cardio,13.2,3.5,4;4,18.76
39,Male,219;1.83,154,59,1143.0,Strength,29.1,2.3,4;4,17.83
31,Male,199;1.98,129,61,504.0,Yoga,24.2,2.5,2;1,17.91
43,Female,162;1.8,166,58,590.0,Cardio,32.8,2.1,3;1,22.44
45,Female,217;1.79,130,59,433.0,Cardio,27.7,2.5,2;1,15.73
40,Male,166;1.74,133,88,666.0,Yoga,27.0,2.7,2;1,26.99
31,Male,182;1.62,157,52,484.0,Strength,20.0,3.2,2;1,18.79
41,Female,166;1.64,131,54,1138.0,Yoga,19.4,2.7,4;1,57.12
19,Female,193;1.68,164,58,1164.0,Cardio,25.3,2.6,4;2,17.4
43,Male,178;1.83,136,59,747.0,Yoga,27.1,2.4,3;4,16.94
31,Male,168;1.93,135,68,446.0,Cardio,20.5,3.4,2;1,20.27
24,Male,190;1.79,154,65,1491.0,HIIT,11.3,3.5,4;3,27.53
20,Male,184;1.75,121,73,885.0,Yoga,25.0,3.3,3;4,11.48
40,Female,183;1.6,130,67,566.0,Yoga,29.2,1.9,3;1,28.2
35,Male,184;1.63,160,63,1241.0,Cardio,21.9,3.7,4;2,23.64
55,Male,178;1.79,122,52,719.0,Cardio,23.3,2.4,3;5,26.43
52,Male,192;1.69,148,92,388.0,Cardio,27.3,2.4,2;1,40.79
32,Male,174;1.92,137,50,1047.0,Cardio,26.7,3.3,3;2,21.0
42,Female,175;1.62,139,67,732.0,Yoga,25.7,2.0,4;2,27.78
54,Female,186;1.59,166,73,807.0,Cardio,32.5,1.9,2;5,23.1
45,Female,199;1.54,133,65,999.0,Yoga,15.3,2.7,4;3,19.3
27,Male,169;1.87,153,62,1363.0,Strength,12.7,3.5,5;3,25.54
56,Male,235;1.61,168,51,1148.0,Yoga,22.6,2.3,3;2,34.8
34,Female,178;1.62,150,52,847.0,Cardio,30.9,2.4,4;2,22.48
56,Male,179;1.86,159,65,858.0,Cardio,22.6,3.3,3;2,53.59
39,Male,180;1.82,161,62,1116.0,Strength,29.8,3.0,3;2,38.49
43,Female,173;1.52,137,63,875.0,Yoga,28.1,2.6,4;2,29.69
42,Female,192;1.53,149,74,717.0,Strength,27.4,1.9,3;5,23.23
34,Female,169;1.78,144,64,958.0,Yoga,27.8,1.8,4;2,47.33
30,Female,178;1.52,138,89,1228.0,Cardio,19.5,2.7,4;3,55.32
37,Male,189;1.82,127,60,859.0,Yoga,26.4,3.2,4;2,22.67
42,Male,181;1.93,147,50,888.0,Cardio,27.3,3.3,2;1,21.29
21,Female,162;1.68,127,70,756.0,Cardio,34.2,1.8,3;2,25.72
27,Male,196;1.7,150,56,792.0,HIIT,29.1,2.1,3;1,56.4
20,Female,177;1.61,122,69,659.0,HIIT,32.4,2.5,2;1,17.05
58,Female,170;1.7,122,57,406.0,Yoga,27.0,2.7,2;1,19.55
35,Male,161;1.63,163,88,986.0,Cardio,28.4,3.1,2;1,37.98
53,Female,171;1.55,141,92,711.0,Strength,27.0,1.8,4;2,23.23
39,Male,221;1.93,136,58,1010.0,Cardio,27.4,3.7,4;1,15.65
51,Male,199;1.77,155,74,1128.0,Strength,26.9,3.5,2;2,15.51
25,Male,188;1.95,136,93,1451.0,Yoga,13.8,3.5,4;3,21.49
57,Male,182;1.69,133,50,1159.0,Yoga,12.7,3.5,5;4,29.97
36,Female,161;1.72,128,51,1043.0,Strength,18.2,2.7,5;3,20.28
59,Male,168;1.69,149,68,915.0,Strength,29.5,2.9,3;4,44.26
58,Female,161;1.78,140,92,662.0,Cardio,26.0,2.5,4;2,23.8
54,Female,188;1.69,131,64,996.0,Yoga,16.5,2.7,4;3,22.48
23,Female,173;1.62,156,59,1069.0,Cardio,31.1,2.5,3;2,24.84
43,Female,169;1.66,151,58,673.0,Strength,34.6,2.6,2;1,25.44
51,Male,221;1.77,130,60,779.0,HIIT,21.0,3.4,2;1,32.75
23,Male,167;1.93,139,55,879.0,HIIT,20.2,3.1,4;2,18.17
54,Female,196;1.75,154,86,1220.0,HIIT,15.3,2.7,5;3,18.45
50,Female,192;1.75,166,74,911.0,Strength,25.5,2.2,4;4,20.11
39,Male,165;1.75,165,55,1198.0,Cardio,29.1,2.8,4;2,26.68
38,Female,229;1.58,130,53,481.0,Yoga,32.2,2.3,2;1,30.68
23,Male,178;1.79,127,65,698.0,Strength,26.8,3.4,4;2,36.45
23,Female,191;1.59,123,52,1107.0,HIIT,17.6,2.7,4;3,23.77
21,Male,186;1.73,146,72,803.0,Cardio,27.8,3.6,2;1,31.31
47,Female,160;1.58,163,68,756.0,Yoga,26.6,2.1,4;2,16.66
28,Female,192;1.79,159,67,1582.0,Yoga,17.0,2.7,5;3,17.2
47,Male,199;1.76,157,73,552.0,Strength,24.9,3.0,2;1,51.43
48,Female,191;1.6,166,53,1001.0,Strength,26.1,2.0,4;2,26.99
41,Female,216;1.74,149,57,898.0,Yoga,29.2,2.3,3;1,22.06
26,Male,176;1.76,163,66,1031.0,Yoga,23.2,3.1,4;2,40.52
20,Female,167;1.58,167,54,893.0,HIIT,25.4,1.5,3;2,28.56
48,Male,193;1.61,167,62,876.0,Yoga,21.4,2.9,4;5,49.84
57,Male,168;1.86,146,74,795.0,Strength,27.6,2.2,3;5,34.79
54,Female,182;1.54,140,50,454.0,Cardio,25.2,1.5,3;0,28.46
53,Female,194;1.55,139,62,1107.0,HIIT,19.7,2.7,4;2,46.07
41,Female,166;1.57,123,53,576.0,HIIT,25.9,2.4,4;2,26.33
48,Female,170;1.66,130,71,433.0,Yoga,33.0,1.8,3;5,18.98
23,Female,179;1.55,132,73,911.0,Cardio,34.0,1.9,4;2,23.6
19,Female,184;1.63,128,63,864.0,HIIT,34.4,1.6,4;2,17.61
37,Female,162;1.77,123,86,621.0,Strength,33.7,1.7,2;3,22.44
45,Male,183;1.76,131,54,1102.0,Yoga,11.4,3.5,4;2,45.44
28,Female,193;1.5,128,56,1242.0,Strength,16.7,2.7,5;3,24.89
21,Male,181;1.84,132,50,944.0,Yoga,24.3,3.3,2;1,29.89
32,Female,170;1.57,167,72,1378.0,HIIT,15.7,2.7,4;1,19.32
23,Female,167;1.75,145,94,594.0,Yoga,25.2,2.1,3;1,13.36
47,Male,194;1.65,157,60,598.0,Cardio,28.7,3.5,2;2,47.96
55,Female,228;1.76,161,73,927.0,Strength,30.5,2.0,2;2,15.92
19,Female,197;1.63,132,96,1234.0,Cardio,18.0,2.7,5;3,24.2
32,Male,167;1.62,158,74,1025.0,Strength,29.3,2.5,3;3,53.95
28,Female,196;1.62,147,55,500.0,Strength,31.7,1.9,2;5,28.28
25,Female,189;1.67,138,95,711.0,Yoga,31.9,2.4,3;4,14.74
43,Female,187;1.74,143,54,965.0,HIIT,32.9,2.2,3;2,13.38
22,Male,172;1.62,138,68,691.0,HIIT,21.2,3.5,2;1,27.05
23,Female,193;1.62,168,69,1336.0,Cardio,16.8,2.7,5;3,53.82
43,Female,191;1.66,132,69,1117.0,Yoga,19.8,2.7,4;3,17.34
21,Female,174;1.71,132,73,706.0,HIIT,34.2,2.2,3;2,17.44
36,Female,176;1.77,147,63,1213.0,Strength,19.4,2.7,4;3,51.9
37,Male,192;1.82,121,50,992.0,Strength,24.5,2.8,4;2,57.28
50,Male,175;1.77,129,48,1181.0,Yoga,14.3,3.5,4;3,24.91
37,Female,188;1.74,141,65,726.0,Cardio,25.5,2.4,3;2,55.44
29,Female,168;1.57,132,53,878.0,Yoga,26.5,2.6,3;2,19.88
18,Male,176;1.97,128,61,725.0,Cardio,24.1,2.6,3;3,29.5
43,Male,168;1.78,152,65,1189.0,Yoga,12.4,3.5,5;3,52.02
31,Female,172;1.76,133,69,811.0,Strength,27.6,1.8,4;4,50.24
55,Male,180;1.68,167,50,637.0,Yoga,23.6,3.0,3;1,18.46
54,Female,221;1.52,139,65,475.0,HIIT,26.6,2.1,2;5,30.34
28,Male,164;1.78,134,68,951.0,HIIT,24.9,3.7,4;3,27.43
53,Male,183;1.76,151,70,815.0,Yoga,27.9,2.8,3;2,23.7
30,Male,227;1.66,152,71,1104.0,Cardio,26.6,2.1,4;2,56.4
20,Male,189;1.92,136,58,1287.0,Cardio,10.5,3.5,5;3,40.04
50,Female,160;1.55,143,57,470.0,Strength,29.9,2.7,2;1,29.3
23,Male,179;1.71,149,58,942.0,Strength,27.0,3.4,3;2,55.74
27,Male,167;1.76,132,87,494.0,Cardio,25.3,2.3,3;1,24.44
22,Female,169;1.52,166,61,1519.0,Yoga,17.0,2.7,5;2,26.75
40,Male,168;1.76,167,74,1497.0,Strength,13.1,3.5,5;5,25.92
27,Male,162;1.68,135,62,950.0,Cardio,29.7,3.5,3;2,36.95
19,Female,170;1.58,121,57,883.0,Cardio,25.9,1.9,3;2,26.32
30,Male,171;1.96,136,65,494.0,Yoga,23.9,2.6,2;3,31.32
57,Female,169;1.57,151,67,713.0,HIIT,29.1,2.6,3;3,21.06
19,Female,184;1.57,162,50,1336.0,Cardio,17.9,2.7,5;1,10.62
37,Female,184;1.75,127,50,876.0,Strength,26.5,2.1,4;5,21.84
18,Female,170;1.75,122,61,573.0,Yoga,26.8,1.7,2;5,21.84
54,Male,195;1.66,131,98,921.0,Yoga,22.9,2.6,3;2,28.56
26,Female,198;1.61,139,58,1307.0,Yoga,19.8,2.7,4;3,24.07
34,Male,185;1.71,135,72,713.0,HIIT,27.3,3.2,2;2,45.58
26,Male,173;2.0,133,54,549.0,HIIT,26.6,2.3,2;1,30.31
28,Male,198;2.0,135,65,980.0,Strength,28.2,3.0,4;2,18.15
32,Male,199;1.92,168,67,1783.0,Strength,10.6,3.5,4;3,26.38
41,Male,173;1.83,162,66,634.0,Yoga,28.6,3.2,2;1,30.19
55,Male,163;1.72,168,67,640.0,Strength,25.9,2.6,3;1,40.09
52,Male,189;1.85,152,50,895.0,Cardio,23.4,3.2,2;1,24.78
47,Male,171;1.77,149,68,531.0,HIIT,28.2,3.5,3;3,25.54
48,Male,194;1.83,131,71,681.0,Yoga,28.0,2.8,4;2,21.83
22,Male,172;1.68,134,57,914.0,Yoga,28.5,2.7,3;0,41.56
31,Female,190;1.71,137,52,863.0,Cardio,26.2,1.8,4;2,26.47
28,Female,234;1.67,147,74,831.0,Cardio,34.7,2.2,3;2,26.14
26,Female,182;1.5,142,54,816.0,Cardio,34.6,2.6,2;1,45.16
51,Male,163;1.62,133,72,1027.0,Cardio,11.8,3.5,4;3,33.61
29,Female,175;1.8,149,98,976.0,Yoga,25.7,1.9,4;2,23.33
52,Female,171;1.56,152,68,1135.0,HIIT,15.8,2.7,4;3,23.79
52,Female,181;1.58,164,67,753.0,HIIT,34.9,2.0,3;5,28.28
18,Male,188;1.64,134,67,693.0,Cardio,25.6,2.7,3;2,56.8
57,Male,170;1.99,126,70,705.0,Strength,23.6,3.0,3;2,48.7
39,Male,192;1.94,134,50,656.0,Yoga,22.9,2.4,3;1,25.3
46,Male,188;1.87,161,64,1044.0,HIIT,22.6,3.4,4;4,20.76
25,Female,226;1.68,165,67,784.0,Cardio,31.6,1.9,2;1,22.6
28,Female,171;1.67,157,74,479.0,Strength,29.2,2.3,3;5,48.25
58,Female,166;1.58,165,56,1463.0,Strength,19.8,2.7,4;3,23.75
54,Female,198;1.57,163,65,836.0,Cardio,31.8,2.1,3;1,28.68
31,Male,185;1.69,130,64,1230.0,Yoga,14.0,3.5,4;3,56.99
47,Male,199;1.9,148,64,557.0,HIIT,22.9,3.0,3;5,45
52,Male,186;1.62,150,55,965.0,Strength,20.8,2.3,4;3,24.23
38,Female,193;1.68,144,61,727.0,HIIT,29.9,2.4,3;2,16.01
54,Male,172;1.62,143,56,736.0,HIIT,23.1,2.3,4;4,44.66
22,Male,195;1.74,138,86,1017.0,Strength,22.0,2.2,2;4,15.56
36,Female,184;1.78,121,60,514.0,Cardio,34.5,2.2,2;1,18.65
31,Female,183;1.64,141,55,402.0,Strength,29.4,2.4,3;1,19.82
43,Male,176;1.63,139,65,812.0,Strength,21.7,2.1,2;1,46.81
21,Male,161;1.61,152,65,1104.0,Yoga,22.0,2.1,3;2,25.85
42,Male,172;1.77,127,69,1113.0,HIIT,11.4,3.5,4;3,26.71
59,Male,221;1.67,144,71,1418.0,Cardio,15.0,3.5,5;3,30.66
42,Male,231;1.87,165,65,1127.0,HIIT,22.7,3.4,3;2,20.07
35,Male,187;1.62,128,61,718.0,Strength,23.3,3.4,4;2,51.74
57,Female,215;1.67,153,88,723.0,Cardio,31.6,1.8,3;2,27.11
25,Female,165;1.65,142,61,852.0,Cardio,27.9,2.2,3;0,56.19
56,Female,190;1.53,124,89,1066.0,Cardio,16.1,2.7,5;3,23.79
57,Male,199;1.74,144,54,862.0,Cardio,21.6,2.8,3;2,51.72
31,Female,191;1.62,127,74,883.0,Yoga,28.1,2.3,4;2,29.23
49,Male,227;1.89,135,62,762.0,Cardio,21.1,3.5,2;1,16.01
55,Male,235;1.81,167,57,992.0,Strength,20.2,2.1,4;2,21.34
50,Female,171;1.77,164,45,760.0,Yoga,33.0,2.4,3;2,21.67
40,Male,196;1.87,134,54,1445.0,Strength,10.7,3.5,5;3,25.14
32,Male,181;1.98,120,61,818.0,Strength,27.8,2.8,3;2,26.22
50,Female,182;1.5,141,58,838.0,HIIT,33.0,2.2,3;1,23.02
42,Female,167;1.57,122,95,1005.0,Cardio,17.7,2.7,4;3,23.41
34,Female,191;1.69,157,52,636.0,Cardio,28.1,2.3,3;1,28.88
50,Male,173;1.61,133,50,764.0,Strength,21.5,3.6,4;2,36.8
19,Female,186;1.6,155,74,907.0,Cardio,32.4,1.6,3;1,56.38
31,Female,184;1.67,137,71,699.0,Yoga,31.0,1.5,4;5,23.88
57,Male,174;1.65,166,90,1290.0,HIIT,13.3,3.5,4;1,35.37
57,Female,180;1.75,160,73,1001.0,Cardio,25.1,1.7,2;1,14.3
56,Female,187;1.69,137,72,1227.0,Cardio,19.6,2.7,5;5,22.48
23,Female,220;1.62,122,92,354.0,Yoga,25.7,2.7,2;1,16.8
23,Male,224;1.91,129,58,1327.0,HIIT,11.8,3.5,5;3,48.77
20,Male,172;1.6,168,67,1035.0,Yoga,24.0,3.2,4;2,21.48
24,Male,187;1.74,158,52,1364.0,Strength,10.0,3.5,4;3,28.77
25,Male,184;1.61,166,89,1260.0,Strength,25.0,3.0,2;1,25.69
59,Female,194;1.76,120,53,929.0,Cardio,18.8,2.7,5;3,19.5
32,Male,198;1.83,146,96,883.0,HIIT,28.2,2.1,3;2,37.74
46,Male,223;1.63,146,66,542.0,Strength,28.8,3.5,2;1,33.38
