Weight (kg),BPM_Max;Hght (m),MPBRste_ign,Session_Duration (hours),C.B.,Workout_Frequency (days/week);Experience_Level,B
88.3,180;1.71,60,1.69,1313.0,4;3,30.2
74.9,199;1.53,66,1.3,883.0,4;2,32.0
68.1,167;1.66,54,1.11,677.0,4;2,24.71
53.2,190;1.7,56,0.59,532.0,3;1,18.41
46.1,231;1.79,68,0.64,556.0,3;2,14.39
58.0,184;1.68,74,1.59,1116.0,5;3,20.55
70.3,182;1.72,73,1.49,1385.0,3;2,23.76
69.7,189;1.51,64,1.27,895.0,3;2,30.57
121.7,185;1.94,52,1.03,719.0,4;5,32.34
101.8,169;1.84,64,1.08,808.0,3;1,30.07
120.8,188;1.67,54,0.82,593.0,2;3,43.31
51.7,175;1.7,72,1.15,865.0,3;2,17.89
112.5,195;1.61,61,1.24,1013.0,3;2,43.4
94.5,163;2.0,69,1.18,794.0,3;1,23.62
117.7,196;1.81,54,1.35,1195.0,3;2,35.93
42.5,181;1.75,52,1.13,740.0,2;1,13.88
64.0,166;1.53,58,1.33,1111.0,3;5,27.34
43.8,172;1.77,58,1.19,884.0,3;1,13.98
66.8,199;1.75,56,1.13,742.0,3;1,21.81
75.2,188;1.67,51,1.37,1030.0,2;5,26.96
89.0,175;1.77,72,1.5,1048.0,4;2,28.41
71.9,197;1.77,72,1.12,875.0,2;1,22.95
71.0,187;1.68,70,1.17,848.0,2;1,25.16
120.9,197;1.78,65,0.78,721.0,2;1,38.16
64.3,216;1.69,58,1.25,925.0,4;4,22.51
63.7,221;1.71,62,1.42,1080.0,3;2,21.78
65.2,192;1.8,68,0.73,502.0,2;1,20.12
53.9,168;1.75,69,1.48,989.0,4;5,17.6
84.9,186;1.86,66,1.64,1104.0,5;3,24.54
78.0,183;1.68,55,1.29,871.0,3;2,27.64
108.2,172;1.8,53,1.27,964.0,3;1,33.4
65.4,185;1.52,50,1.03,654.0,4;2,28.31
50.2,233;1.61,67,1.48,1046.0,2;5,19.37
58.9,187;1.51,68,1.04,816.0,2;1,25.83
81.4,187;1.71,58,1.52,1237.0,5;3,27.84
127.6,167;1.73,62,1.32,1162.0,3;5,42.63
59.3,182;1.56,57,1.26,879.0,4;2,24.37
96.9,188;1.71,72,1.34,1069.0,3;2,33.14
62.6,231;1.81,62,1.3,1072.0,4;2,19.11
45.5,223;1.6,64,1.31,1057.0,3;4,17.77
48.8,195;1.51,60,1.48,969.0,2;1,21.4
44.3,186;1.6,61,1.08,734.0,3;2,17.3
113.2,161;1.83,63,1.45,962.0,4;1,33.8
60.5,171;1.59,53,1.14,730.0,2;1,23.93
124.2,168;1.76,50,1.5,1304.0,2;1,40.1
52.4,186;1.85,73,1.2,956.0,3;1,15.31
54.7,160;1.74,53,0.84,772.0,3;1,18.07
88.1,182;1.95,68,1.41,1016.0,2;1,23.17
59.7,169;1.71,58,1.23,836.0,3;1,20.42
79.7,184;1.54,59,1.03,742.0,4;2,33.61
51.0,218;1.62,53,1.42,1122.0,3;2,19.43
84.2,165;1.76,69,1.67,1133.0,5;2,27.18
122.1,165;1.89,58,1.13,750.0,3;1,34.18
96.7,161;1.72,62,1.26,1046.0,3;1,32.69
73.0,170;1.79,61,0.81,506.0,3;1,22.78
114.8,182;1.6,60,1.47,1318.0,4;5,44.84
65.5,223;1.52,61,1.4,1021.0,3;2,28.35
50.3,171;1.52,67,1.08,832.0,3;1,21.77
61.0,181;1.71,61,1.67,1150.0,4;3,20.86
44.6,196;1.62,65,0.56,440.0,2;1,16.99
58.2,179;1.61,54,1.04,580.0,3;5,22.45
44.8,175;1.63,69,1.08,666.0,4;4,16.86
87.5,183;1.63,74,1.75,1299.0,5;3,32.93
51.8,179;1.74,61,1.23,773.0,3;2,17.11
64.4,160;1.7,70,1.97,1418.0,5;5,22.28
67.1,160;1.61,74,0.62,421.0,2;1,25.89
85.9,176;1.6,60,1.99,1587.0,5;3,33.55
65.4,160;1.77,58,0.89,627.0,3;1,20.88
61.1,189;1.76,67,1.81,1358.0,4;3,19.72
106.5,162;1.65,74,1.32,1176.0,4;2,39.12
64.0,170;1.52,52,1.73,1004.0,5;3,27.7
61.4,183;1.54,69,1.47,963.0,3;2,25.89
40.5,237;1.63,66,1.07,786.0,4;2,15.24
70.1,185;1.79,63,1.08,743.0,3;2,21.88
94.1,164;1.62,50,1.13,777.0,4;2,35.86
55.5,160;1.82,66,1.08,663.0,3;2,16.76
53.7,183;1.72,74,1.37,875.0,3;1,18.15
66.1,169;1.75,57,0.63,363.0,2;1,21.58
103.9,194;1.77,54,1.18,864.0,2;1,33.16
61.7,183;1.58,54,1.87,1262.0,5;1,24.72
52.3,168;1.74,58,1.2,990.0,2;2,17.27
59.5,195;1.74,52,1.78,1129.0,5;3,19.65
72.9,175;1.76,68,0.86,546.0,3;1,23.53
76.7,199;1.63,72,1.08,751.0,2;1,28.87
72.1,218;1.83,58,1.13,744.0,3;2,21.53
54.8,176;1.68,71,1.27,1003.0,4;2,19.42
105.0,174;1.88,67,1.34,1150.0,3;2,29.71
55.0,175;1.55,65,1.45,1103.0,4;6,22.89
81.6,183;1.66,50,1.09,917.0,4;2,29.61
75.6,193;1.6,51,0.64,416.0,2;1,29.53
81.5,229;1.61,63,1.93,1688.0,4;3,31.44
61.5,160;1.69,63,1.8,1231.0,4;5,21.53
74.0,174;1.63,50,1.26,936.0,3;5,27.85
56.4,185;1.59,74,1.26,924.0,3;1,22.31
102.6,163;1.84,65,1.25,1052.0,3;2,30.3
54.6,164;1.57,64,0.58,441.0,3;1,22.15
129.0,194;1.78,64,1.29,805.0,2;1,40.71
103.5,172;1.66,61,1.33,1106.0,3;1,37.56
59.4,194;1.51,65,1.15,735.0,4;2,26.05
60.1,183;1.79,63,1.97,1625.0,4;5,18.76
77.7,177;1.62,73,1.16,804.0,3;2,29.61
41.2,215;1.62,64,1.49,1073.0,4;2,15.7
58.6,229;1.61,72,1.2,805.0,3;2,22.61
109.3,222;1.78,64,0.54,420.0,3;1,34.5
69.6,194;1.96,68,0.97,667.0,3;1,18.12
56.2,198;1.79,57,1.79,1369.0,5;5,17.54
71.7,162;1.96,51,0.51,424.0,2;1,18.66
86.0,235;1.93,51,1.74,1404.0,5;3,23.09
79.4,166;1.59,59,1.39,1020.0,3;2,31.41
78.4,185;1.62,52,1.01,677.0,4;3,29.87
55.4,192;1.6,72,1.44,979.0,3;2,21.64
61.7,178;1.55,66,1.41,819.0,4;2,25.68
85.5,174;1.82,57,1.78,1357.0,4;3,25.81
87.6,161;1.93,72,1.72,1315.0,4;1,23.52
82.4,166;1.72,53,1.01,685.0,4;2,27.85
67.0,175;1.68,63,0.55,446.0,3;1,23.74
42.3,163;1.6,70,1.09,888.0,3;2,16.52
82.7,166;1.99,59,1.69,1357.0,5;3,20.88
92.4,195;1.74,50,1.41,1303.0,2;1,30.52
63.2,191;1.54,53,1.02,790.0,4;2,26.65
82.7,175;1.85,50,1.22,858.0,4;2,24.16
86.6,194;1.76,66,1.29,1071.0,3;5,27.96
129.5,232;1.95,66,1.0,639.0,2;5,34.06
98.0,223;1.83,56,1.28,824.0,4;3,29.26
86.2,189;1.68,72,1.97,1701.0,5;3,30.54
78.6,195;1.62,69,1.28,880.0,3;5,29.95
59.0,184;1.66,64,0.51,408.0,2;1,21.41
57.3,175;1.79,62,1.98,1479.0,4;3,17.88
122.3,227;1.89,51,0.66,500.0,3;1,34.24
85.3,232;1.95,68,1.61,1373.0,5;3,22.43
45.2,216;1.74,73,1.24,870.0,3;2,14.93
55.6,181;1.92,62,0.68,458.0,3;1,15.08
82.8,183;1.95,73,1.91,1503.0,5;3,21.78
125.2,196;1.66,60,1.38,1207.0,3;2,45.43
58.5,237;1.79,71,1.42,837.0,4;1,18.26
86.1,195;1.95,64,1.17,811.0,2;1,22.64
63.5,163;1.61,59,1.31,1041.0,3;2,24.5
69.3,195;1.68,58,0.66,451.0,2;1,24.55
70.5,177;1.62,58,1.24,756.0,2;1,26.86
60.1,222;1.65,69,1.69,1042.0,4;3,22.08
94.1,177;1.95,50,0.89,608.0,3;1,24.75
79.2,200;1.62,66,1.26,1046.0,4;2,30.18
115.3,161;1.91,61,1.38,854.0,2;1,31.61
62.9,222;1.79,59,1.42,958.0,4;4,19.63
62.0,195;1.64,54,0.97,678.0,3;2,23.05
88.5,198;1.78,67,1.53,1265.0,4;3,27.93
73.9,198;1.77,64,1.28,877.0,3;2,23.59
50.3,188;1.95,55,1.07,885.0,3;1,13.23
83.1,185;1.8,56,0.7,624.0,3;1,25.65
65.1,182;1.78,66,1.46,1038.0,3;1,20.55
46.6,176;1.79,55,1.46,1214.0,3;1,14.54
103.5,168;1.89,57,0.54,499.0,2;1,28.97
61.9,190;1.54,61,1.95,1150.0,4;3,26.1
52.0,168;1.61,70,1.32,1082.0,3;5,20.06
113.4,222;1.71,63,0.83,530.0,2;1,38.78
62.9,173;1.98,61,1.42,886.0,4;2,16.04
40.4,196;1.8,72,1.23,913.0,4;2,12.47
67.1,161;1.75,59,0.67,362.0,3;2,21.91
70.0,173;1.61,71,1.3,1201.0,2;1,27.01
69.5,192;1.75,69,1.02,711.0,3;1,22.69
107.9,227;1.66,64,1.08,832.0,3;2,39.16
109.0,198;1.91,56,1.49,1151.0,3;2,29.88
101.0,179;1.91,58,1.36,1070.0,3;2,27.69
88.5,186;1.85,59,1.57,1119.0,4;2,25.86
80.9,178;1.8,59,1.55,1074.0,4;3,24.97
43.1,179;1.62,65,1.04,837.0,4;2,16.42
59.1,177;1.52,56,1.58,967.0,5;3,25.58
54.0,175;1.53,54,1.14,844.0,3;4,23.07
72.3,163;1.78,72,1.27,852.0,2;1,22.82
51.1,171;1.98,52,0.92,574.0,2;1,13.03
89.4,203;1.72,67,1.08,813.0,3;1,30.22
51.5,166;1.8,60,1.09,680.0,4;5,15.9
87.9,173;1.88,64,1.52,1195.0,5;4,24.87
42.0,218;1.52,70,1.1,644.0,3;1,18.18
79.2,194;1.72,69,1.46,925.0,3;1,26.77
64.8,164;1.71,54,1.2,778.0,3;2,22.16
63.0,196;1.78,73,1.58,1095.0,4;3,19.88
56.2,191;1.77,61,0.68,418.0,3;1,17.94
52.9,169;1.64,53,1.1,767.0,3;2,19.67
49.0,221;1.69,64,1.05,772.0,3;1,17.16
128.2,164;1.84,58,0.83,603.0,3;1,37.87
83.6,168;1.86,56,1.54,1082.0,5;3,24.16
56.2,192;1.77,59,1.81,1249.0,5;3,17.94
87.8,195;1.78,72,1.28,1133.0,2;1,27.71
85.9,195;1.85,62,1.66,1424.0,4;3,25.1
51.1,175;1.87,57,1.44,1126.0,4;2,14.61
57.4,168;1.71,61,1.87,1337.0,5;3,19.63
114.9,232;1.92,71,1.2,802.0,4;2,31.17
62.1,173;1.66,73,1.37,937.0,3;2,22.54
57.1,184;1.91,68,1.09,707.0,4;2,15.65
68.1,174;1.8,50,1.1,926.0,4;2,21.02
69.2,165;1.65,65,1.23,852.0,3;5,25.42
65.2,188;1.52,71,1.23,800.0,3;1,28.22
108.6,174;1.73,66,1.33,988.0,2;1,36.29
40.0,188;1.65,74,1.03,686.0,3;2,14.69
41.9,163;1.58,67,0.56,370.0,3;1,16.78
68.3,177;1.52,60,1.45,979.0,4;1,29.56
88.4,198;1.6,67,1.71,1138.0,4;3,34.53
66.0,234;1.9,56,1.18,1025.0,3;6,18.28
71.9,170;1.64,67,1.26,929.0,4;2,26.73
75.6,173;1.71,57,1.03,663.0,4;2,25.85
63.4,235;1.59,55,1.84,1267.0,5;3,25.08
71.6,197;1.77,56,1.49,1177.0,3;1,22.85
57.4,177;1.77,72,1.08,598.0,4;2,18.32
83.8,179;1.99,71,1.79,1280.0,4;3,21.16
55.9,225;1.71,59,1.95,1443.0,5;3,19.12
87.0,167;1.76,60,1.2,799.0,3;2,28.09
65.3,172;1.71,74,1.18,796.0,4;2,22.33
45.4,163;1.67,62,1.37,1071.0,4;2,16.28
87.1,173;1.87,58,1.71,1241.0,4;3,24.91
78.6,192;1.73,56,1.47,1147.0,4;2,26.26
78.0,170;1.71,58,1.08,734.0,3;1,26.67
58.0,196;1.53,62,1.83,1153.0,4;3,24.78
71.3,237;1.69,52,1.28,1043.0,3;2,24.96
49.1,193;1.74,52,1.11,842.0,3;4,16.22
78.3,164;1.65,50,1.24,703.0,3;2,28.76
57.3,164;1.64,70,1.13,887.0,4;2,21.3
48.4,190;1.61,69,1.28,732.0,2;1,18.67
76.4,168;1.62,51,1.35,980.0,4;2,29.11
110.2,191;1.77,74,1.19,1021.0,2;1,35.18
72.9,192;1.76,52,1.21,732.0,3;2,23.53
82.1,162;1.86,64,1.87,1481.0,4;2,23.73
58.9,162;1.76,73,0.63,410.0,3;1,19.01
82.2,171;1.87,55,1.57,1111.0,4;3,23.51
96.7,200;1.72,62,1.46,903.0,3;2,32.69
81.4,162;1.86,70,1.8,1292.0,5;3,23.53
107.8,185;1.73,50,1.09,680.0,3;2,36.02
65.8,189;1.62,69,1.0,790.0,4;5,25.07
68.5,168;1.56,68,1.45,900.0,4;1,28.15
63.9,235;1.59,50,1.87,1169.0,4;3,25.28
76.3,161;1.62,70,1.16,1034.0,3;2,29.07
44.5,162;1.65,71,1.44,959.0,3;1,16.35
50.7,163;1.75,51,1.29,940.0,3;1,16.56
55.1,215;1.61,64,1.55,1224.0,4;3,21.26
73.7,172;1.61,63,1.36,815.0,4;2,28.43
55.6,198;1.77,68,1.2,820.0,4;2,17.75
86.9,230;1.76,60,1.13,688.0,3;2,28.05
60.3,231;1.68,64,1.6,900.0,4;3,21.36
40.4,168;1.64,55,0.99,832.0,2;5,15.02
78.5,161;1.66,69,1.29,1006.0,4;2,28.49
102.6,190;1.72,58,0.82,597.0,2;1,34.68
110.8,161;1.91,54,1.31,1074.0,2;5,30.37
60.9,191;1.79,69,1.11,699.0,2;1,19.01
55.7,177;1.61,51,1.41,993.0,3;1,21.49
110.5,234;1.92,55,1.16,919.0,3;4,29.98
55.2,230;1.71,67,0.77,579.0,2;1,18.88
46.5,169;1.72,72,1.4,832.0,4;2,15.72
70.9,184;1.66,68,0.81,506.0,3;1,25.73
74.6,193;1.75,58,1.09,739.0,2;1,24.36
45.1,220;1.72,70,0.93,594.0,2;1,15.24
99.9,189;1.99,73,1.33,1075.0,3;1,25.23
117.0,166;1.61,55,1.04,744.0,3;2,45.14
75.9,165;1.73,63,1.39,1056.0,4;2,25.36
71.2,162;1.64,73,1.11,666.0,3;2,26.47
78.8,172;1.72,62,1.01,660.0,4;2,26.64
50.6,162;1.69,60,1.31,1012.0,2;1,17.72
82.5,185;1.79,61,1.69,1163.0,4;3,25.75
108.5,183;1.79,68,1.33,878.0,4;2,33.86
49.9,165;1.98,68,1.15,772.0,3;2,12.73
125.1,171;1.91,70,0.52,353.0,2;1,34.29
79.7,195;1.66,68,1.06,763.0,2;1,28.92
126.8,221;1.63,73,0.96,632.0,2;1,47.72
54.6,170;1.57,62,1.31,982.0,3;1,22.15
47.8,198;1.54,63,1.34,880.0,3;2,20.16
97.9,220;1.91,73,1.01,680.0,3;2,26.84
63.1,215;1.54,67,1.36,1010.0,3;0,26.61
72.4,177;1.69,61,1.07,713.0,3;1,25.35
58.9,180;1.7,53,1.52,1060.0,4;3,20.38
50.4,155;1.6,59,1.03,803.0,4;2,19.69
64.2,199;1.59,66,1.63,1182.0,5;3,25.39
58.8,181;1.77,53,1.4,952.0,2;5,18.77
105.2,189;1.62,61,1.36,949.0,3;1,40.09
45.9,189;1.5,62,0.92,662.0,3;5,20.4
65.2,232;1.63,53,1.12,610.0,3;1,24.54
56.3,193;1.79,59,1.52,964.0,5;3,17.57
90.0,168;1.7,74,0.81,497.0,2;1,31.14
60.0,179;1.7,52,1.97,1212.0,5;3,20.76
51.5,229;1.71,64,1.48,1136.0,2;1,17.61
63.1,169;1.64,51,1.54,962.0,4;3,23.46
91.5,219;1.77,74,0.8,616.0,2;3,29.21
48.7,216;1.67,74,1.39,1009.0,2;5,17.46
57.8,170;1.56,66,1.35,1053.0,3;3,23.75
42.0,223;1.75,55,0.83,598.0,3;1,13.71
128.4,167;1.92,57,0.63,502.0,2;3,34.83
74.2,233;1.57,52,1.47,1161.0,3;1,30.1
89.6,182;1.68,74,1.79,1232.0,5;3,31.75
125.9,174;2.0,67,1.36,1137.0,4;2,31.48
105.5,199;1.99,71,0.81,593.0,2;5,26.64
93.4,191;1.7,50,1.1,938.0,4;5,32.32
82.1,217;1.84,65,1.37,922.0,4;2,24.25
42.9,196;1.69,56,0.9,567.0,2;1,15.02
128.4,200;1.68,52,1.13,923.0,4;4,45.49
112.4,218;1.96,72,1.42,1054.0,2;1,29.26
77.7,198;1.79,53,1.41,1047.0,3;1,24.25
89.3,192;1.99,58,1.4,936.0,4;1,22.55
70.3,178;1.55,54,1.4,876.0,3;1,29.26
59.1,196;1.72,68,1.07,792.0,3;2,19.98
49.9,192;1.69,64,1.48,979.0,3;5,17.47
101.7,192;1.67,57,0.53,333.0,2;2,36.47
93.0,175;1.91,55,1.03,729.0,3;1,25.49
87.4,182;1.6,67,0.77,465.0,2;1,34.14
55.1,166;1.61,68,1.62,1166.0,4;3,21.26
123.7,185;1.69,73,1.3,987.0,4;2,43.31
61.3,191;1.57,64,1.94,1474.0,4;3,24.87
72.3,171;1.94,56,1.46,874.0,3;2,19.21
69.2,171;1.53,59,1.36,911.0,2;1,29.56
81.4,218;1.61,55,1.14,796.0,4;2,31.4
84.8,234;1.86,63,1.85,1181.0,5;3,24.51
55.1,164;1.72,66,1.43,970.0,3;1,18.62
59.0,185;1.78,58,1.67,1177.0,5;2,18.62
64.9,164;1.51,68,1.83,1359.0,4;3,28.46
109.7,181;1.75,54,1.01,840.0,2;2,35.82
78.4,174;1.9,72,0.81,585.0,2;1,21.72
76.7,172;1.79,56,1.4,832.0,4;3,23.94
63.1,230;1.61,68,1.0,684.0,4;1,24.34
62.9,192;1.58,69,1.98,1105.0,4;3,25.2
85.6,182;1.74,56,1.84,1321.0,4;3,28.27
66.3,181;1.57,73,1.25,742.0,2;2,26.9
61.3,177;1.97,51,1.37,1100.0,3;1,15.8
44.1,220;1.65,74,1.16,694.0,4;5,16.2
63.8,180;1.62,72,1.3,1022.0,2;1,24.31
55.4,175;1.55,65,1.85,1016.0,4;3,23.06
74.7,172;1.58,62,1.04,863.0,3;2,29.92
78.0,217;1.67,57,1.13,949.0,4;5,27.97
57.5,192;1.67,55,1.14,764.0,2;1,20.62
60.7,229;1.73,55,1.03,714.0,3;2,20.28
69.0,160;1.74,58,1.48,1223.0,3;0,22.79
75.8,221;1.78,53,1.42,944.0,4;2,23.92
75.7,225;1.63,60,0.69,407.0,3;1,28.49
71.2,165;1.64,54,1.42,939.0,3;4,26.47
85.0,197;1.68,74,1.82,1468.0,4;3,30.12
63.6,183;1.56,66,1.22,903.0,2;5,26.13
73.2,216;1.94,69,0.81,722.0,2;1,19.45
48.3,186;1.52,56,0.96,653.0,2;1,20.91
42.8,167;1.78,64,1.49,1066.0,3;2,13.51
88.1,187;1.76,74,1.35,1123.0,3;5,28.44
72.4,169;1.75,64,1.2,840.0,4;1,23.64
73.2,230;1.88,63,1.17,822.0,3;1,20.71
110.5,188;1.86,62,1.42,1086.0,2;1,31.94
46.1,165;1.76,60,1.44,842.0,3;2,14.88
90.8,173;1.71,62,1.07,810.0,4;2,31.05
59.3,208;1.51,71,1.7,1096.0,5;3,26.01
45.1,189;1.73,73,0.83,482.0,3;1,15.07
45.0,185;1.77,58,1.48,1187.0,3;5,14.36
89.4,198;1.62,59,1.43,885.0,3;2,34.06
127.7,171;1.69,53,1.14,875.0,3;0,44.71
70.9,194;1.72,66,1.31,927.0,3;2,23.97
49.2,164;1.5,63,1.15,678.0,3;2,21.87
62.3,181;1.79,73,1.99,1451.0,5;3,19.44
64.1,182;1.87,67,0.64,500.0,2;1,18.33
69.7,166;1.75,60,1.41,1029.0,3;2,22.76
56.9,199;1.59,65,1.49,1100.0,3;2,22.51
53.0,184;1.71,50,1.13,881.0,4;1,18.13
72.7,172;1.55,56,0.84,525.0,3;1,30.26
76.5,180;1.96,59,0.67,442.0,3;4,19.91
113.6,169;1.99,58,1.38,949.0,2;1,28.69
62.5,216;1.62,74,1.56,1318.0,4;3,23.81
95.2,174;1.86,52,0.64,496.0,2;1,27.52
51.7,161;1.82,71,0.9,792.0,3;4,15.61
105.3,184;1.67,72,0.57,448.0,3;1,37.76
71.2,165;1.68,63,1.37,888.0,3;1,25.23
78.1,193;1.51,74,0.92,555.0,3;1,34.25
50.6,193;1.68,64,1.21,877.0,3;2,17.93
70.2,194;1.89,51,0.7,440.0,3;1,19.65
62.6,197;1.53,73,1.93,1380.0,5;2,26.74
60.6,162;1.65,63,0.92,768.0,3;1,22.26
76.4,176;1.97,65,1.14,886.0,3;2,19.69
63.3,178;1.71,56,1.88,1175.0,4;3,21.65
68.6,190;1.64,53,1.33,1024.0,3;2,25.51
123.3,177;1.88,67,1.3,1036.0,4;4,34.89
107.0,198;1.94,73,1.35,891.0,2;1,28.43
68.3,234;1.92,54,1.42,1289.0,2;1,18.53
47.8,171;1.6,55,1.19,830.0,4;2,18.67
58.4,164;1.79,56,1.6,943.0,4;3,18.23
74.3,162;1.71,64,1.43,1123.0,3;2,25.41
106.8,170;1.82,50,1.0,715.0,4;2,32.24
125.5,189;1.8,73,1.26,817.0,4;5,38.73
55.2,149;1.55,53,1.37,1103.0,4;2,22.98
71.4,187;1.72,74,1.25,1056.0,2;1,24.13
77.7,224;1.61,50,1.03,806.0,3;2,29.98
88.4,186;1.6,60,1.86,1160.0,5;3,34.53
104.8,187;1.99,67,0.93,598.0,2;1,26.46
82.2,188;1.69,63,1.15,882.0,4;2,28.78
68.2,177;1.75,71,0.85,638.0,2;1,22.27
91.4,233;1.99,60,1.37,1145.0,3;3,23.08
42.1,236;1.65,59,1.22,725.0,2;1,15.46
68.7,161;1.76,66,1.37,845.0,3;2,22.18
47.2,222;1.74,53,1.5,1200.0,4;2,15.59
92.0,175;1.76,73,0.73,574.0,3;1,29.7
56.2,183;1.95,64,1.09,767.0,4;2,14.78
58.4,194;1.72,65,1.31,973.0,4;2,19.74
82.9,229;1.95,70,1.9,1505.0,5;3,21.8
66.9,195;1.74,62,1.24,720.0,2;1,22.1
66.3,170;1.85,58,1.18,707.0,2;1,19.37
93.6,233;1.93,60,1.38,1192.0,3;1,25.13
64.1,173;1.5,60,1.93,1293.0,5;3,28.49
86.7,174;1.62,55,1.52,1020.0,4;3,33.04
62.0,190;1.59,50,1.23,996.0,4;2,24.52
58.1,175;1.61,71,1.9,1425.0,4;5,22.41
64.9,169;1.6,55,1.49,838.0,4;5,25.35
69.3,191;1.62,62,1.14,626.0,4;2,26.41
42.7,161;1.74,71,1.04,608.0,3;1,14.1
51.4,183;1.63,73,1.2,724.0,4;2,19.35
67.4,182;1.6,71,0.6,492.0,3;1,26.33
55.6,161;1.61,54,1.77,1301.0,4;3,21.45
125.3,197;1.86,64,1.0,639.0,3;2,36.22
102.1,164;1.85,67,1.48,1278.0,4;2,29.83
61.9,199;1.77,69,1.32,1205.0,3;1,19.76
108.8,185;1.64,63,1.4,1171.0,3;1,40.45
51.1,188;1.58,64,0.5,422.0,2;1,20.47
81.7,162;1.99,54,1.45,1005.0,2;1,20.63
42.7,173;1.66,53,0.73,440.0,2;1,15.5
81.8,184;1.99,51,1.59,1198.0,4;3,20.66
54.6,160;1.76,56,1.28,868.0,4;2,17.63
107.7,219;1.88,59,0.72,634.0,2;1,30.47
56.9,233;1.6,65,0.88,566.0,3;5,22.23
78.8,177;1.71,59,1.49,992.0,4;2,26.95
48.2,168;1.64,67,1.25,894.0,4;2,17.92
50.7,197;1.59,66,1.27,883.0,3;2,20.05
86.6,224;1.99,70,1.98,1500.0,4;3,21.87
96.3,237;1.63,62,1.35,1203.0,4;1,36.25
80.8,190;1.98,50,1.65,1316.0,5;2,20.61
58.0,180;1.53,50,1.84,1159.0,5;3,24.78
95.9,186;1.85,64,1.28,995.0,2;1,28.02
61.5,165;1.58,50,1.86,1247.0,5;3,24.64
40.6,195;1.79,55,0.62,499.0,2;5,12.67
82.5,181;1.87,74,1.51,927.0,5;3,23.59
105.1,176;1.84,62,0.69,444.0,3;1,31.04
58.1,217;1.58,50,1.93,1042.0,5;2,23.27
61.0,162;1.76,54,1.54,1060.0,5;3,19.69
64.5,171;1.53,58,1.74,940.0,4;3,27.55
58.2,198;1.98,74,1.43,1085.0,3;2,14.85
69.5,171;1.76,66,0.94,569.0,3;1,22.44
62.2,161;1.84,65,0.51,393.0,3;1,18.37
68.0,219;1.7,57,1.06,663.0,4;2,23.53
56.3,182;1.5,66,1.43,914.0,3;1,25.02
94.5,224;1.7,64,1.01,700.0,3;2,32.7
58.0,164;1.79,73,1.39,994.0,2;1,18.1
84.0,227;1.94,50,1.8,1218.0,5;5,22.32
61.0,180;1.87,61,1.14,739.0,4;2,17.44
64.8,170;1.53,54,1.98,1396.0,5;3,27.68
45.7,217;1.77,73,1.04,795.0,3;1,14.59
80.9,175;1.9,55,1.8,1356.0,4;3,22.41
64.1,186;1.63,74,1.58,948.0,5;2,24.13
67.0,161;1.77,50,1.22,900.0,3;2,21.39
106.5,183;1.6,74,1.4,1170.0,4;2,41.6
95.1,190;1.85,50,1.21,952.0,4;2,27.79
65.5,171;1.57,59,0.66,395.0,2;1,26.57
105.7,198;1.64,59,1.2,921.0,3;2,39.3
48.0,216;1.76,52,0.88,491.0,2;1,15.5
69.5,196;1.5,66,0.69,448.0,2;1,30.89
66.1,187;1.69,68,0.77,545.0,2;1,23.14
68.0,190;1.7,60,0.76,627.0,2;1,23.53
50.3,170;1.78,67,0.85,555.0,2;1,15.88
69.3,182;1.68,51,1.2,729.0,2;1,24.55
86.7,161;1.63,58,1.7,1203.0,4;0,32.63
125.9,199;1.94,73,1.35,882.0,3;2,33.45
88.1,186;1.93,66,1.88,1479.0,5;0,23.65
124.3,194;1.82,63,1.25,997.0,3;1,37.53
62.0,161;1.85,53,0.88,586.0,3;5,18.12
69.7,219;1.72,66,1.24,753.0,4;1,23.56
60.9,196;1.52,66,1.31,926.0,3;2,26.36
76.5,180;1.97,61,1.13,1025.0,2;5,19.71
94.7,164;1.82,69,1.47,873.0,3;2,28.59
67.9,180;1.75,67,1.25,1155.0,2;2,22.17
121.1,182;1.87,52,1.31,937.0,4;2,34.63
71.5,179;1.64,60,1.46,1012.0,4;2,26.58
98.6,197;1.7,74,0.83,740.0,2;1,34.12
68.2,179;1.63,67,1.17,779.0,3;1,25.67
57.7,184;1.69,53,1.18,920.0,4;5,20.2
124.6,161;1.63,66,1.41,1055.0,3;2,46.9
73.0,191;1.59,67,1.31,931.0,3;4,28.88
59.4,185;1.51,54,1.62,1304.0,5;3,26.05
52.0,165;1.65,63,0.7,463.0,2;5,19.1
42.2,162;1.65,59,1.33,886.0,3;2,15.5
89.3,192;1.64,64,1.82,1622.0,4;3,33.2
110.0,160;1.76,50,1.09,658.0,3;1,35.51
66.2,226;1.58,65,0.86,499.0,3;1,26.52
58.6,168;1.66,60,1.21,964.0,2;1,21.27
51.0,178;1.67,72,0.97,710.0,3;1,18.29
101.5,187;1.95,69,0.97,699.0,3;1,26.69
114.2,184;1.87,55,1.05,959.0,3;2,32.66
54.4,194;1.72,73,0.91,725.0,2;5,18.39
52.4,171;1.57,71,1.34,898.0,3;2,21.26
85.2,189;1.81,65,1.54,1151.0,5;3,26.01
83.6,164;1.74,51,1.66,1379.0,5;3,27.61
115.4,193;1.92,50,1.36,1084.0,4;2,31.3
71.2,205;1.97,73,0.74,615.0,3;1,18.35
78.1,198;1.6,73,1.1,718.0,4;1,30.51
54.2,172;1.65,58,1.07,642.0,4;2,19.91
77.6,162;1.76,71,1.27,920.0,4;2,25.05
44.1,179;1.62,61,1.41,768.0,3;4,16.8
85.5,190;1.8,66,1.7,1144.0,5;3,26.39
47.8,187;1.76,74,1.06,711.0,4;2,15.43
102.5,183;1.94,64,0.84,730.0,2;1,27.23
118.0,199;1.9,68,0.66,412.0,2;1,32.69
82.3,225;1.84,71,1.29,932.0,4;0,24.31
81.6,167;1.87,59,1.87,1185.0,5;4,23.33
60.2,183;1.88,61,1.22,946.0,3;2,17.03
49.2,179;1.54,63,1.28,881.0,3;2,20.75
46.6,175;1.5,58,1.38,1025.0,2;1,20.71
68.7,171;1.72,62,1.08,907.0,4;1,23.22
60.6,179;1.55,52,1.3,780.0,3;3,25.22
52.1,219;1.61,70,0.87,612.0,2;1,20.1
46.6,184;1.77,63,0.61,382.0,2;1,14.87
65.5,191;1.74,70,1.48,1011.0,4;4,21.63
44.2,183;1.57,59,1.08,753.0,3;1,17.93
89.1,168;1.84,65,1.44,1133.0,3;5,26.32
65.9,199;1.62,56,0.81,731.0,2;5,25.11
55.6,182;1.57,53,0.97,597.0,2;1,22.56
63.7,172;1.98,69,1.37,868.0,2;1,16.25
86.2,191;1.82,72,1.96,1725.0,5;3,26.02
59.2,174;1.63,74,1.85,1304.0,4;3,22.28
85.4,195;1.88,60,1.98,1492.0,5;3,24.16
68.1,164;1.55,65,1.41,831.0,4;2,28.35
60.0,181;1.62,69,0.85,684.0,2;1,22.86
74.8,175;1.69,53,1.28,933.0,4;1,26.19
90.3,169;1.65,71,1.38,1199.0,4;2,33.17
86.1,183;1.65,71,1.66,1169.0,4;3,31.63
73.7,177;1.66,72,0.93,639.0,2;5,26.75
67.7,177;1.56,66,1.42,980.0,3;2,27.82
78.3,176;1.96,62,1.29,1066.0,3;1,20.38
48.2,229;1.65,60,1.1,913.0,2;1,17.7
56.8,185;1.51,52,1.37,777.0,4;2,24.91
112.4,164;1.63,58,1.02,757.0,4;5,42.3
59.0,185;1.67,55,0.9,558.0,3;2,21.16
98.4,194;1.88,71,0.52,386.0,2;1,27.84
66.5,185;1.6,70,1.34,796.0,4;2,25.98
106.5,177;1.81,60,1.29,1107.0,4;2,32.51
88.4,176;1.93,65,1.68,1314.0,4;3,23.73
88.4,168;1.79,68,1.74,1321.0,5;3,27.59
53.3,173;1.74,54,1.37,962.0,3;5,17.6
58.1,178;1.56,63,0.61,415.0,2;1,23.87
74.2,183;1.76,66,1.15,834.0,4;2,23.95
84.6,184;1.63,52,1.01,705.0,4;2,31.84
78.0,180;1.92,53,0.72,453.0,3;1,21.16
89.0,176;1.68,65,1.77,1332.0,5;3,31.53
42.7,182;1.76,65,1.46,883.0,3;1,13.78
83.9,176;1.82,70,1.9,1401.0,5;2,25.33
78.7,173;1.52,74,1.45,1204.0,3;5,34.06
65.9,188;1.52,53,1.27,794.0,4;2,28.52
76.9,179;1.92,68,1.13,851.0,4;2,20.86
84.3,189;2.0,66,1.83,1467.0,5;2,21.07
62.4,178;1.6,62,1.1,710.0,3;3,24.37
63.7,198;1.74,71,1.03,810.0,4;2,21.04
54.9,236;1.52,72,1.48,910.0,3;1,23.76
76.4,177;1.79,73,1.17,1004.0,3;3,23.84
106.4,187;1.86,50,1.34,907.0,2;4,30.76
68.4,192;1.5,61,1.37,904.0,4;2,30.4
63.5,216;1.86,53,1.36,969.0,4;2,18.35
59.4,199;1.5,60,1.25,825.0,3;2,26.4
113.4,177;1.91,54,1.27,957.0,3;1,31.08
61.9,168;1.52,51,0.92,592.0,3;5,26.79
70.7,192;1.68,66,1.17,637.0,3;2,25.05
111.5,191;1.9,57,1.02,937.0,2;1,30.89
72.1,176;1.66,55,1.4,958.0,2;4,26.16
56.9,237;1.87,70,0.61,463.0,3;2,16.27
86.2,186;1.9,58,1.91,1345.0,5;5,23.88
59.4,184;1.68,62,1.16,844.0,4;1,21.05
75.6,229;1.72,60,0.97,672.0,3;1,25.55
76.3,196;1.73,65,1.08,768.0,3;1,25.49
95.8,193;1.86,65,1.37,972.0,3;1,27.69
120.6,179;1.83,51,1.04,686.0,3;2,36.01
65.3,177;1.55,59,1.42,1143.0,3;2,27.18
85.3,163;1.89,61,0.77,593.0,2;1,23.88
68.0,169;1.68,57,0.67,472.0,2;3,24.09
52.6,169;1.57,60,1.29,1071.0,2;5,21.34
63.3,183;1.77,59,1.32,876.0,3;2,20.2
76.3,180;1.65,62,1.14,878.0,3;2,28.03
61.0,196;1.63,74,0.54,331.0,3;1,22.96
67.8,227;1.61,66,1.34,1072.0,2;1,26.16
114.9,175;1.86,56,1.36,949.0,3;1,33.21
88.0,185;1.71,73,1.87,1646.0,5;3,30.09
67.7,189;1.58,52,1.45,927.0,2;1,27.12
124.8,175;1.85,69,1.35,842.0,4;2,36.46
53.0,166;1.58,62,1.26,895.0,4;2,21.23
61.2,227;1.88,68,1.03,831.0,3;1,17.32
48.7,194;1.68,56,1.23,886.0,3;1,17.25
50.6,175;1.7,58,1.29,848.0,2;1,17.51
72.6,199;1.73,68,1.27,1016.0,3;5,24.26
70.4,171;1.56,62,1.03,644.0,4;2,28.93
52.5,194;1.88,71,1.08,818.0,4;1,14.85
76.3,180;1.77,57,1.36,957.0,4;2,24.35
41.2,195;1.58,71,1.47,1111.0,2;1,16.5
55.3,176;1.76,67,1.56,1186.0,4;3,17.85
49.7,191;1.67,72,1.38,776.0,4;2,17.82
48.3,165;1.87,51,0.68,525.0,3;1,13.81
83.2,183;1.96,67,1.83,1510.0,4;3,21.66
120.5,186;1.73,67,1.01,850.0,3;2,40.26
121.6,179;2.0,60,1.24,1091.0,4;2,30.4
73.0,184;1.75,50,1.14,759.0,4;2,23.84
57.5,161;1.67,63,1.76,1053.0,5;3,20.62
42.7,168;1.53,65,1.41,983.0,4;2,18.24
129.9,187;1.73,60,0.69,529.0,3;1,43.4
108.6,197;1.92,50,0.89,656.0,2;3,29.46
88.6,162;2.0,56,1.83,1150.0,4;3,22.15
49.7,179;1.51,65,1.25,906.0,3;1,21.8
56.4,165;1.54,63,1.06,822.0,3;1,23.78
46.9,188;1.74,64,1.03,946.0,4;2,15.49
71.3,192;1.67,63,1.46,1022.0,4;2,25.57
71.6,160;1.86,70,1.14,830.0,3;2,20.7
82.3,196;1.61,60,1.87,1139.0,5;3,31.75
70.6,219;1.69,65,1.36,826.0,3;5,24.72
109.8,193;1.62,68,0.84,651.0,3;1,41.84
73.5,174;1.69,66,0.54,354.0,2;1,25.73
85.6,185;1.85,55,1.78,1322.0,5;2,25.01
74.6,173;1.68,60,1.03,737.0,4;2,26.43
63.2,166;1.8,66,0.59,463.0,2;5,19.51
62.6,190;1.63,58,1.67,1344.0,5;3,23.56
87.1,183;1.76,67,1.81,1398.0,5;3,28.12
82.3,190;1.84,66,1.73,1408.0,5;3,24.31
64.3,188;1.78,61,1.71,1171.0,4;5,20.29
53.7,219;1.66,72,1.25,806.0,3;1,19.49
63.0,176;2.0,71,1.42,1257.0,4;2,15.75
128.4,217;1.86,71,1.06,921.0,4;2,37.11
88.0,199;1.89,54,1.75,1319.0,5;3,24.64
63.7,175;1.52,60,1.19,714.0,4;2,27.57
83.7,183;1.87,53,1.29,1009.0,4;2,23.94
102.6,186;1.75,53,1.4,1078.0,3;2,33.5
77.7,172;1.55,52,0.55,330.0,2;2,32.34
87.5,178;1.88,73,1.19,789.0,4;5,24.76
87.0,177;1.86,72,1.52,1028.0,4;3,25.15
82.8,177;1.66,74,1.97,1355.0,5;3,30.05
65.4,196;1.68,66,0.76,441.0,3;1,23.17
47.2,185;1.71,56,0.89,632.0,2;1,16.14
58.2,168;1.7,53,0.95,684.0,3;1,20.14
73.5,194;1.55,72,1.17,806.0,4;2,30.59
55.2,167;1.73,62,1.67,1240.0,5;3,18.44
64.4,179;1.71,61,1.12,935.0,3;1,22.02
73.5,183;1.74,50,1.18,807.0,4;2,24.28
89.6,178;1.81,70,1.7,1287.0,5;1,27.35
86.5,189;1.76,68,1.48,1158.0,3;2,27.92
46.1,187;1.67,70,1.28,743.0,4;5,16.53
68.5,194;1.97,69,1.3,894.0,3;1,17.65
94.6,219;1.84,67,1.26,748.0,4;2,27.94
54.2,190;1.52,60,1.13,746.0,3;1,23.46
47.7,198;1.77,69,1.15,759.0,3;2,15.23
52.2,195;1.84,52,1.38,847.0,4;2,15.42
88.8,189;1.95,66,1.58,1173.0,5;5,23.35
101.0,182;1.68,61,1.46,1076.0,4;5,35.79
118.4,178;1.95,59,1.06,881.0,3;2,31.14
47.9,171;1.72,57,1.41,933.0,3;1,16.19
51.5,174;1.74,64,1.08,810.0,3;3,17.01
79.9,190;1.51,54,0.75,479.0,3;1,35.04
121.3,216;1.85,53,0.72,661.0,2;1,35.44
78.9,196;1.64,70,1.28,1050.0,4;2,29.34
88.5,174;1.62,69,1.88,1675.0,5;3,33.72
73.5,188;1.63,68,0.52,350.0,3;2,27.66
127.9,185;1.93,70,1.27,1173.0,4;2,34.34
88.5,161;1.98,53,1.8,1515.0,4;3,22.57
43.4,179;1.62,64,0.51,303.0,3;1,16.54
42.8,174;1.56,66,1.47,978.0,3;5,17.59
64.5,163;1.79,61,1.17,753.0,4;2,20.13
50.7,181;1.53,52,1.29,948.0,3;2,21.66
59.2,197;1.66,59,1.3,1151.0,3;1,21.48
78.9,182;1.73,64,1.38,938.0,2;5,26.36
78.7,185;1.63,59,1.1,847.0,3;2,29.62
68.7,170;1.92,73,1.31,1081.0,4;2,18.64
53.1,187;1.59,72,0.82,502.0,2;0,21.0
64.8,161;1.65,67,1.1,904.0,3;1,23.8
50.3,167;1.61,50,1.17,749.0,2;1,19.41
102.3,188;1.63,52,1.34,856.0,4;2,38.5
62.9,170;1.92,70,1.13,789.0,2;5,17.06
56.5,196;1.6,61,1.88,1184.0,5;3,22.07
74.6,177;1.55,50,0.71,422.0,2;1,31.05
52.0,223;1.79,52,1.12,937.0,3;1,16.23
52.1,169;1.67,52,1.5,837.0,2;5,18.68
72.2,194;1.54,54,0.97,606.0,2;1,30.44
85.8,168;1.8,68,1.72,1410.0,4;3,26.48
81.4,194;1.85,74,1.6,1320.0,4;1,23.78
50.9,170;1.65,50,1.45,887.0,2;1,18.7
52.0,171;1.78,53,1.38,987.0,4;2,16.41
71.0,229;1.93,53,1.42,1086.0,4;2,19.06
80.6,198;1.77,66,1.51,1248.0,4;3,25.73
58.3,173;1.72,63,1.0,640.0,3;2,19.71
63.0,187;1.7,67,1.32,719.0,3;1,21.8
111.0,170;1.94,50,1.02,875.0,4;2,29.49
52.6,222;1.66,71,1.27,762.0,3;2,19.09
116.4,172;2.0,65,1.13,688.0,3;1,29.1
75.6,180;1.61,52,1.41,983.0,4;2,29.17
61.6,169;1.8,72,1.48,1172.0,2;1,19.01
108.0,174;1.8,70,1.38,926.0,4;2,33.33
59.3,223;1.75,58,0.99,634.0,3;3,19.36
75.7,237;1.94,72,1.18,915.0,4;2,20.11
56.3,180;1.6,53,1.21,859.0,4;2,21.99
58.2,191;1.73,70,1.17,766.0,3;6,19.45
55.7,183;1.68,54,1.13,802.0,3;1,19.73
125.9,172;1.67,60,1.46,1229.0,3;2,45.14
62.7,164;1.67,70,1.02,826.0,4;2,22.48
86.6,163;1.86,58,1.37,972.0,3;2,25.03
64.5,187;1.82,52,1.2,983.0,3;2,19.47
76.6,173;1.86,55,1.14,796.0,4;2,22.14
81.4,167;1.83,73,1.98,1225.0,5;3,24.31
60.7,232;1.71,60,1.14,954.0,2;2,20.76
57.2,194;1.55,58,1.67,909.0,5;5,23.81
73.0,196;1.59,64,1.19,798.0,3;2,28.88
123.8,180;1.99,72,1.13,752.0,3;2,31.26
93.6,177;1.66,52,1.37,1024.0,2;2,33.97
76.8,192;1.92,50,1.24,988.0,3;1,20.83
54.7,167;1.53,69,1.11,674.0,4;2,23.37
92.3,176;1.94,71,1.14,821.0,3;5,24.52
71.8,223;1.55,68,1.2,720.0,4;2,29.89
66.9,193;1.57,63,1.07,679.0,3;2,27.14
48.7,165;1.76,66,1.37,1144.0,4;1,15.72
66.2,166;1.71,71,1.42,1188.0,3;1,22.64
40.0,173;1.76,63,0.8,475.0,3;1,12.91
112.4,228;1.85,66,1.18,870.0,4;2,32.84
70.0,171;1.55,74,0.85,693.0,3;1,29.14
84.0,195;1.74,63,1.45,1013.0,3;1,27.74
43.8,216;1.65,61,1.29,749.0,4;5,16.09
123.3,161;1.62,65,1.34,1216.0,4;2,46.98
57.9,161;1.56,50,1.8,1116.0,5;3,23.79
82.4,174;1.96,62,1.9,1766.0,5;3,21.45
84.8,182;1.79,55,1.35,1025.0,4;2,26.47
109.6,188;1.66,66,1.29,1060.0,3;5,39.77
86.4,176;1.77,61,1.0,777.0,3;2,27.58
63.9,169;1.8,72,1.07,626.0,4;2,19.72
70.8,166;1.62,68,0.54,394.0,3;1,26.98
115.3,234;1.67,55,1.38,950.0,3;2,41.34
55.3,187;1.56,56,1.71,1188.0,5;4,22.72
73.9,173;1.8,50,1.36,942.0,3;5,22.81
97.3,189;1.96,50,1.36,1025.0,3;4,25.33
60.4,176;1.65,54,1.27,966.0,4;5,22.19
49.3,198;1.61,55,1.36,868.0,2;4,19.02
91.8,165;1.78,65,1.44,1091.0,3;5,28.97
73.6,183;1.55,74,0.89,581.0,3;1,30.63
47.1,165;1.78,65,1.26,929.0,3;1,14.87
65.2,232;1.62,63,0.58,408.0,2;4,24.84
87.2,166;1.64,50,2.0,1634.0,4;3,32.42
96.7,183;1.71,62,0.57,423.0,3;0,33.07
46.9,224;1.61,69,1.02,821.0,3;2,18.09
72.1,183;1.62,59,1.38,849.0,3;1,27.47
62.5,194;1.54,73,1.61,906.0,4;3,26.35
110.7,193;1.69,59,1.06,775.0,3;1,38.76
102.6,199;1.83,58,1.41,954.0,3;5,30.64
64.3,174;1.62,62,1.76,1276.0,5;3,24.5
80.7,170;1.61,52,1.75,1598.0,4;3,31.13
115.3,235;1.81,67,1.36,1249.0,2;5,35.19
87.8,183;1.69,69,1.81,1573.0,5;3,30.74
74.3,160;1.61,51,1.06,714.0,4;2,28.66
78.5,178;1.7,66,1.36,938.0,4;2,27.16
77.3,217;1.58,68,0.97,733.0,2;3,30.96
64.5,187;1.7,72,0.51,319.0,2;2,22.32
72.0,199;1.94,62,1.17,952.0,3;2,19.13
77.9,166;1.77,62,1.41,916.0,4;2,24.87
69.6,182;1.58,50,1.49,1006.0,3;3,27.88
68.9,180;1.99,51,1.16,951.0,4;0,17.4
45.9,218;1.89,50,1.45,1148.0,3;2,12.85
68.2,170;1.69,73,0.75,537.0,3;2,23.88
79.6,181;1.59,54,1.49,968.0,3;2,31.49
53.6,194;1.52,73,1.02,643.0,2;1,23.2
57.7,188;1.58,52,1.36,986.0,3;4,23.11
74.2,187;1.93,56,1.32,1024.0,3;2,19.92
64.4,177;1.56,73,1.52,985.0,5;0,26.46
54.9,173;1.78,71,0.55,380.0,2;4,17.33
50.3,177;1.64,62,0.63,468.0,3;1,18.7
46.5,187;1.68,72,0.91,660.0,2;5,16.48
57.8,183;1.99,67,0.93,741.0,3;5,14.6
83.0,167;1.8,73,0.79,695.0,2;1,25.62
82.5,167;1.79,70,1.51,1159.0,5;3,25.75
66.5,231;1.73,56,1.11,709.0,3;1,22.22
70.2,186;1.67,50,0.93,695.0,3;1,25.17
121.9,233;1.93,54,1.49,1082.0,3;2,32.73
70.3,164;1.52,66,1.19,857.0,4;2,30.43
40.3,192;1.56,57,1.45,877.0,4;2,16.56
101.4,197;1.76,64,0.84,559.0,2;2,32.74
79.2,189;1.95,69,1.47,982.0,3;2,20.83
75.8,167;1.77,53,1.46,841.0,3;3,24.19
71.7,198;1.88,51,0.55,445.0,2;1,20.29
57.7,185;1.56,54,1.64,1082.0,5;3,23.71
47.4,196;1.6,50,0.76,585.0,3;1,18.52
57.2,193;1.75,74,1.29,1032.0,3;2,18.68
44.8,166;1.72,54,1.48,977.0,4;2,15.14
90.2,199;1.72,55,0.9,668.0,2;2,30.49
84.9,187;1.72,51,1.79,1378.0,4;3,28.7
95.7,198;1.77,50,1.08,807.0,3;2,30.55
59.0,198;1.65,53,1.22,924.0,3;5,21.67
60.5,187;1.77,56,1.72,1092.0,4;2,19.31
53.8,173;1.72,71,1.03,742.0,4;2,18.19
86.6,199;1.97,50,1.66,1372.0,5;3,22.31
72.8,163;1.67,50,1.37,829.0,2;5,26.1
66.3,177;1.77,57,1.48,1046.0,4;2,21.16
56.0,184;1.6,69,0.89,672.0,2;1,21.87
45.9,166;1.93,65,1.29,1015.0,3;2,12.32
88.0,197;1.64,70,1.9,1536.0,4;4,32.72
94.0,187;1.79,62,1.31,1012.0,2;1,29.34
44.7,164;1.79,72,1.34,965.0,3;2,13.95
63.2,218;1.63,73,0.66,436.0,3;1,23.79
95.6,190;1.9,72,1.47,1294.0,4;2,26.48
47.8,179;1.86,67,1.01,645.0,3;4,13.82
85.3,172;1.64,69,1.77,1197.0,4;2,31.71
59.7,170;1.83,59,1.35,1143.0,4;2,17.83
70.2,230;1.98,61,0.71,504.0,2;5,17.91
72.7,162;1.8,50,0.79,590.0,3;1,22.44
50.4,176;1.79,59,0.74,433.0,2;1,15.73
81.7,166;1.74,58,0.91,666.0,2;1,26.99
49.3,182;1.62,52,0.56,484.0,2;1,18.79
61.9,166;1.64,68,1.93,1138.0,4;3,23.01
49.1,233;1.68,58,1.42,1164.0,4;2,17.4
66.5,178;1.83,59,1.11,747.0,3;2,19.86
75.5,168;1.93,68,0.6,446.0,2;3,20.27
88.2,177;1.79,65,1.76,1491.0,4;3,27.53
74.8,184;1.75,73,1.33,885.0,3;2,24.42
72.2,173;1.6,67,0.87,566.0,3;1,28.2
62.8,237;1.63,63,1.41,1241.0,4;5,23.64
84.7,198;1.79,52,1.19,719.0,3;4,26.43
116.5,198;1.69,51,0.53,388.0,2;1,40.79
77.4,174;1.92,50,1.39,1047.0,3;1,21.0
72.9,226;1.62,67,1.17,732.0,4;2,27.78
58.4,186;1.59,73,1.08,807.0,2;1,23.1
64.3,199;1.54,58,1.67,999.0,4;3,27.11
89.3,169;1.87,62,1.62,1363.0,5;3,25.54
90.2,163;1.61,51,1.38,1148.0,3;3,34.8
59.0,178;1.62,56,1.13,847.0,4;2,22.48
58.7,187;1.86,65,1.09,858.0,3;2,16.97
127.5,225;1.82,70,1.26,1116.0,3;1,38.49
68.6,173;1.52,68,1.42,875.0,4;2,29.69
56.7,192;1.53,74,1.07,717.0,3;1,24.22
64.5,225;1.78,64,1.33,958.0,4;2,20.36
61.6,230;1.52,71,1.78,1228.0,4;3,26.66
75.1,189;1.82,60,1.23,859.0,4;1,22.67
79.3,181;1.93,50,1.22,888.0,2;1,21.29
72.6,162;1.68,70,1.19,756.0,3;2,25.72
76.7,196;1.7,56,0.96,792.0,3;4,26.54
44.2,177;1.61,69,1.08,659.0,2;1,17.05
56.5,237;1.7,57,0.74,406.0,2;1,19.55
100.9,161;1.63,59,1.1,986.0,2;3,37.98
55.8,171;1.55,54,1.12,711.0,4;4,23.23
58.3,165;1.93,58,1.35,1010.0,4;2,15.65
48.6,199;1.77,74,1.47,1128.0,2;5,15.51
81.7,188;1.95,74,1.94,1451.0,4;3,21.49
85.6,233;1.69,50,1.76,1159.0,5;3,29.97
60.0,161;1.72,51,1.63,1043.0,5;3,20.28
126.4,168;1.69,68,1.24,915.0,3;1,44.26
75.4,161;1.78,63,1.05,662.0,4;2,23.8
64.2,188;1.69,69,1.69,996.0,4;3,22.48
65.2,192;1.62,59,1.37,1069.0,3;2,24.84
70.1,169;1.66,58,0.99,673.0,2;1,25.44
102.6,168;1.77,59,1.21,779.0,2;1,32.75
107.2,235;1.93,55,1.15,879.0,4;2,28.78
56.5,196;1.75,66,1.76,1220.0,5;3,18.45
61.6,192;1.75,74,1.22,911.0,4;2,20.11
81.7,222;1.75,55,1.32,1198.0,4;5,26.68
76.6,199;1.58,53,0.74,481.0,2;2,30.68
116.8,178;1.79,69,1.0,698.0,4;2,36.45
60.1,191;1.59,52,1.8,1107.0,4;3,23.77
93.7,186;1.73,72,1.0,803.0,2;1,31.31
41.6,160;1.58,68,1.03,756.0,4;2,16.66
55.1,198;1.79,67,1.99,1582.0,5;5,17.2
127.1,199;1.76,73,0.71,552.0,2;1,41.03
69.1,191;1.6,53,1.34,1001.0,4;2,26.99
66.8,164;1.74,57,1.34,898.0,3;1,22.06
125.5,231;1.76,66,1.15,1031.0,4;2,40.52
71.3,167;1.58,54,1.07,893.0,3;2,28.56
129.2,227;1.61,62,1.06,876.0,4;2,49.84
96.3,164;1.86,74,1.1,795.0,3;2,27.84
67.5,182;1.54,50,0.72,454.0,3;1,28.46
64.4,194;1.55,62,1.77,1107.0,4;3,26.81
64.9,166;1.57,53,1.04,576.0,4;2,26.33
52.3,174;1.66,71,0.74,433.0,3;1,18.98
56.7,179;1.55,73,1.38,911.0,4;2,23.6
46.8,184;1.63,63,1.35,864.0,4;2,17.61
70.3,162;1.77,52,1.01,621.0,2;2,22.44
80.8,180;1.76,54,1.7,1102.0,4;5,26.08
56.0,232;1.5,56,1.94,1242.0,5;2,24.89
101.2,181;1.84,50,1.3,944.0,2;1,29.89
56.6,170;1.57,72,1.65,1378.0,4;3,22.96
40.9,167;1.75,61,0.82,594.0,3;1,13.36
127.8,198;1.65,60,0.77,598.0,2;1,46.94
49.3,194;1.76,73,1.28,927.0,2;1,15.92
64.3,224;1.63,57,1.87,1234.0,5;3,24.2
49.3,167;1.62,74,1.18,1025.0,3;2,18.79
63.0,176;1.62,55,0.68,500.0,2;1,24.01
41.1,186;1.67,71,1.03,711.0,3;2,14.74
40.5,227;1.74,51,1.5,965.0,3;2,13.38
71.0,199;1.62,68,0.91,691.0,2;1,27.05
60.9,193;1.62,69,1.59,1336.0,5;3,23.21
64.7,191;1.66,69,1.88,1117.0,4;3,23.48
51.0,174;1.71,73,1.07,706.0,3;1,17.44
57.7,176;1.77,63,1.65,1213.0,4;5,18.42
76.9,192;1.82,50,1.49,992.0,4;2,23.22
80.5,175;1.77,59,1.85,1181.0,4;3,25.7
73.3,188;1.74,65,1.03,726.0,3;2,24.21
49.0,168;1.57,53,1.33,878.0,3;1,19.88
114.5,192;1.97,60,1.03,725.0,3;1,29.5
81.0,232;1.78,65,1.58,1189.0,5;3,25.56
53.5,172;1.76,69,1.22,811.0,4;2,17.27
52.1,180;1.68,50,0.77,637.0,3;4,18.46
70.1,187;1.52,65,0.76,475.0,2;1,30.34
86.9,164;1.78,68,1.29,951.0,4;2,27.43
73.4,169;1.76,70,1.09,815.0,3;2,23.7
90.0,167;1.66,71,1.32,1104.0,4;2,32.66
85.7,222;1.92,58,1.72,1287.0,5;3,23.25
70.4,160;1.55,58,0.73,470.0,2;1,29.3
57.7,179;1.71,58,1.15,942.0,3;2,19.73
75.7,190;1.76,66,0.68,494.0,3;1,24.44
61.8,169;1.52,61,1.83,1519.0,5;3,26.75
80.3,223;1.76,74,1.63,1497.0,5;3,25.92
104.3,215;1.68,62,1.28,950.0,3;2,36.95
65.7,182;1.58,57,1.46,883.0,3;2,26.32
120.3,171;1.96,65,0.66,494.0,2;4,31.32
51.9,169;1.57,67,1.05,713.0,3;2,21.06
59.1,184;1.57,50,1.65,1336.0,5;3,23.98
66.9,184;1.75,50,1.38,876.0,4;2,21.84
66.9,170;1.75,61,0.94,573.0,2;1,21.84
78.7,195;1.66,55,1.42,921.0,3;2,28.56
62.4,198;1.61,58,1.88,1307.0,4;3,24.07
102.1,185;1.71,72,0.96,713.0,2;2,34.92
51.9,220;2.0,54,0.75,549.0,2;1,12.97
58.3,198;2.0,65,1.32,980.0,4;2,14.57
89.8,199;1.92,67,1.93,1783.0,4;4,24.36
101.1,158;1.83,66,0.79,634.0,2;1,30.19
118.6,163;1.72,67,0.77,640.0,3;5,40.09
84.8,174;1.85,50,1.19,895.0,2;1,24.78
80.0,171;1.77,68,0.72,531.0,3;1,25.54
73.1,170;1.83,71,1.05,681.0,4;2,21.83
117.3,179;1.68,57,1.24,914.0,3;2,41.56
77.4,190;1.71,52,1.26,863.0,4;2,26.47
72.9,197;1.67,74,1.13,831.0,3;1,26.14
71.2,182;1.5,54,1.15,816.0,2;5,31.64
88.2,163;1.62,72,1.56,1027.0,4;3,33.61
75.6,175;1.8,57,1.31,976.0,4;1,23.33
57.9,166;1.56,68,1.66,1135.0,4;3,23.79
70.6,181;1.58,67,1.02,753.0,3;2,28.28
118.6,188;1.64,67,0.94,693.0,3;5,44.1
55.7,218;1.99,70,1.13,705.0,3;2,14.07
102.3,192;1.94,50,0.89,656.0,3;1,27.18
72.6,188;1.87,64,1.31,1044.0,4;2,20.76
63.8,198;1.68,67,0.95,784.0,2;5,22.6
67.3,171;1.67,74,0.61,479.0,3;1,24.13
59.3,179;1.58,56,1.97,1463.0,4;3,23.75
70.7,198;1.57,65,1.14,836.0,3;1,28.68
86.9,185;1.69,65,1.72,1230.0,4;5,30.43
98.2,199;1.9,64,0.76,557.0,3;1,27.2
63.6,168;1.62,55,1.3,965.0,4;2,24.23
45.2,193;1.68,58,1.01,727.0,3;2,16.01
117.2,172;1.62,56,1.04,736.0,4;2,44.66
107.4,195;1.74,63,1.34,1017.0,2;1,35.47
59.1,184;1.78,60,0.85,514.0,2;2,18.65
53.3,183;1.64,70,0.57,402.0,3;1,19.82
46.2,176;1.63,65,1.18,812.0,2;1,17.39
67.0,161;1.61,74,1.32,1104.0,3;2,25.85
86.3,172;1.77,55,1.77,1113.0,4;3,27.55
85.5,190;1.67,71,1.99,1418.0,5;3,30.66
70.2,188;1.87,65,1.38,1127.0,3;2,20.07
127.1,187;1.62,69,1.02,718.0,4;2,48.43
75.6,186;1.67,65,1.05,723.0,3;2,27.11
62.6,174;1.65,61,1.2,852.0,3;1,22.99
55.7,190;1.53,66,1.91,1066.0,5;3,23.79
96.1,199;1.74,54,1.21,862.0,3;2,31.74
76.7,225;1.62,74,1.39,883.0,4;2,29.23
57.2,215;1.89,62,1.14,762.0,2;2,16.01
69.9,224;1.81,57,1.2,992.0,4;2,21.34
67.9,171;1.77,73,1.03,760.0,3;1,21.67
87.9,196;1.87,54,1.96,1445.0,5;3,25.14
102.8,168;1.98,61,1.24,818.0,3;4,26.22
51.8,182;1.5,58,1.32,838.0,3;2,23.02
57.7,167;1.57,52,1.83,1005.0,4;3,23.41
66.5,235;1.69,52,0.81,636.0,3;1,23.28
95.4,175;1.61,50,1.16,764.0,4;2,36.8
69.2,186;1.6,74,1.17,907.0,3;1,27.03
66.6,184;1.67,71,1.02,699.0,4;2,23.88
83.4,172;1.65,67,1.57,1290.0,4;3,30.63
43.8,180;1.75,73,1.39,1001.0,2;1,14.3
64.2,190;1.69,61,1.99,1227.0,5;3,22.48
44.1,196;1.62,58,0.58,354.0,2;1,16.8
87.3,164;1.91,58,1.87,1327.0,5;3,23.93
55.0,179;1.6,67,1.12,1035.0,4;2,21.48
87.1,187;1.74,67,1.57,1364.0,4;1,28.77
66.6,177;1.61,56,1.38,1260.0,2;4,25.69
60.4,194;1.76,53,1.72,929.0,5;3,19.5
126.4,198;1.83,62,1.1,883.0,3;2,37.74
88.7,166;1.63,66,0.75,542.0,2;5,33.38
