Gender,Weight (kg),Height (m),Avg_BPM,Resting_BPM,Session_Duration (hours),Calories_Burned,Workout_Type,Fat_Percentage,Water_Intake (liters),Experience_Level,BMI
Male,88.3,1.71,157,60,1.69,1313.0,Yoga,12.6,3.5,3,30.2
Female,74.9,1.53,151,66,1.3,883.0,HIIT,33.9,2.1,2,32.0
Female,68.1,1.66,122,54,1.11,677.0,Cardio,33.4,2.3,2,24.71
Male,53.2,1.7,164,56,0.59,532.0,Strength,28.8,2.1,1,18.41
Male,46.1,1.79,158,68,0.64,556.0,Strength,29.2,2.8,1,14.39
Female,58.0,1.68,156,74,1.59,1116.0,HIIT,15.5,2.7,3,20.55
Male,70.3,1.72,169,73,1.49,1385.0,Cardio,21.3,2.3,2,23.76
Female,69.7,1.51,141,64,1.27,895.0,Cardio,30.6,1.9,2,30.57
Male,121.7,1.94,127,52,1.03,719.0,Strength,28.9,2.6,2,32.34
Male,101.8,1.84,136,64,1.08,808.0,Cardio,29.7,2.7,1,30.07
Male,120.8,1.67,146,54,0.82,593.0,HIIT,20.5,3.0,1,43.31
Male,51.7,1.7,152,72,1.15,865.0,HIIT,23.6,3.5,2,17.89
Male,112.5,1.61,165,61,1.24,1013.0,Cardio,22.1,2.7,2,43.4
Male,94.5,2.0,136,69,1.18,794.0,HIIT,27.6,3.7,1,23.62
Male,117.7,1.81,161,54,1.35,1195.0,Yoga,26.4,3.3,2,35.93
Female,42.5,1.75,131,52,1.13,740.0,Strength,26.2,2.1,1,13.88
Female,64.0,1.53,167,58,1.33,1111.0,HIIT,29.8,2.3,2,27.34
Female,43.8,1.77,165,58,1.19,884.0,Cardio,31.9,1.6,1,13.98
Female,66.8,1.75,146,56,1.13,742.0,Strength,32.8,2.5,2,21.81
Female,75.2,1.67,167,51,1.37,1030.0,HIIT,25.2,2.2,1,26.96
Male,89.0,1.77,127,72,1.5,1048.0,Strength,28.9,3.7,2,28.41
Male,71.9,1.77,142,72,1.12,875.0,Cardio,25.7,3.1,1,22.95
Female,71.0,1.68,161,70,1.17,848.0,Yoga,33.1,2.5,1,25.16
Male,120.9,1.78,168,65,0.78,721.0,Yoga,28.1,3.4,1,38.16
Female,64.3,1.69,148,58,1.25,925.0,HIIT,26.9,1.9,2,22.51
Female,63.7,1.71,169,62,1.42,1080.0,Yoga,26.1,1.8,2,21.78
Male,65.2,1.8,139,68,0.73,502.0,HIIT,27.2,2.7,1,20.12
Male,53.9,1.75,135,69,1.48,989.0,Strength,21.6,2.8,2,17.6
Male,84.9,1.86,136,66,1.64,1104.0,HIIT,14.2,3.5,3,24.54
Female,78.0,1.68,135,55,1.29,871.0,HIIT,32.3,1.8,2,27.64
Male,108.2,1.8,138,53,1.27,964.0,HIIT,28.4,3.5,1,33.4
Female,65.4,1.52,127,50,1.03,654.0,Yoga,28.0,2.2,2,28.31
Female,50.2,1.61,157,67,1.48,1046.0,HIIT,28.2,2.7,1,19.37
Female,58.9,1.51,157,68,1.04,816.0,Cardio,31.7,2.5,1,25.83
Male,81.4,1.71,148,58,1.52,1237.0,HIIT,10.2,3.5,3,27.84
Male,127.6,1.73,160,62,1.32,1162.0,Strength,27.3,2.9,1,42.63
Female,59.3,1.56,155,57,1.26,879.0,Cardio,33.4,2.6,2,24.37
Male,96.9,1.71,145,72,1.34,1069.0,Strength,24.2,2.9,2,33.14
Male,62.6,1.81,150,62,1.3,1072.0,Strength,27.6,3.5,2,19.11
Male,45.5,1.6,163,64,1.31,1057.0,Strength,21.7,2.6,2,17.77
Female,48.8,1.51,131,60,1.48,969.0,Cardio,28.2,2.0,1,21.4
Female,44.3,1.6,136,61,1.08,734.0,Cardio,34.7,2.0,1,17.3
Male,113.2,1.83,134,63,1.45,962.0,Yoga,29.9,2.9,2,33.8
Female,60.5,1.59,128,53,1.14,730.0,Cardio,30.1,2.2,1,23.93
Male,124.2,1.76,158,50,1.5,1304.0,HIIT,29.3,2.8,1,40.1
Male,52.4,1.85,161,73,1.2,956.0,Strength,25.2,2.5,1,15.31
Male,54.7,1.74,167,53,0.84,772.0,Yoga,22.9,3.6,1,18.07
Male,88.1,1.95,131,68,1.41,1016.0,Cardio,22.7,3.0,1,23.17
Female,59.7,1.71,151,58,1.23,836.0,Strength,34.3,2.0,1,20.42
Female,79.7,1.54,144,59,1.03,742.0,Cardio,26.7,2.3,2,33.61
Female,51.0,1.62,158,53,1.42,1122.0,Yoga,30.8,2.4,2,19.43
Male,84.2,1.76,137,69,1.67,1133.0,Cardio,12.8,3.5,3,27.18
Male,122.1,1.89,134,58,1.13,750.0,Cardio,27.4,3.6,1,34.18
Male,96.7,1.72,151,62,1.26,1046.0,Strength,25.0,2.8,1,32.69
Female,73.0,1.79,125,61,0.81,506.0,HIIT,27.7,1.6,1,22.78
Male,114.8,1.6,163,60,1.47,1318.0,Cardio,21.7,2.7,2,44.84
Female,65.5,1.52,162,61,1.4,1021.0,Yoga,31.2,2.1,2,28.35
Female,50.3,1.52,154,67,1.08,832.0,Cardio,32.2,2.6,1,21.77
Female,61.0,1.71,153,61,1.67,1150.0,Cardio,17.8,2.7,3,20.86
Female,44.6,1.62,157,65,0.56,440.0,HIIT,32.4,2.0,1,16.99
Female,58.2,1.61,124,54,1.04,580.0,Strength,26.4,2.6,2,22.45
Female,44.8,1.63,137,69,1.08,666.0,Yoga,33.8,2.1,2,16.86
Male,87.5,1.63,135,74,1.75,1299.0,Strength,12.9,3.5,3,32.93
Male,51.8,1.74,127,61,1.23,773.0,Strength,21.3,3.7,2,17.11
Female,64.4,1.7,144,70,1.97,1418.0,Strength,17.3,2.7,3,22.28
Female,67.1,1.61,151,74,0.62,421.0,Cardio,33.4,1.5,1,25.89
Male,85.9,1.6,145,60,1.99,1587.0,HIIT,14.5,3.5,3,33.55
Female,65.4,1.77,141,58,0.89,627.0,Cardio,27.6,2.6,1,20.88
Female,61.1,1.76,150,67,1.81,1358.0,Yoga,18.6,2.7,3,19.72
Male,106.5,1.65,162,74,1.32,1176.0,HIIT,21.0,3.6,2,39.12
Female,64.0,1.52,129,52,1.73,1004.0,Strength,15.2,2.7,3,27.7
Female,61.4,1.54,131,69,1.47,963.0,HIIT,30.6,2.7,2,25.89
Female,40.5,1.63,147,66,1.07,786.0,Yoga,31.9,1.5,2,15.24
Male,70.1,1.79,125,63,1.08,743.0,Cardio,28.0,2.3,2,21.88
Male,94.1,1.62,139,50,1.13,777.0,Cardio,23.4,3.1,2,35.86
Male,55.5,1.82,124,66,1.08,663.0,Strength,20.1,2.0,1,16.76
Female,53.7,1.72,142,74,1.37,875.0,Cardio,29.8,1.6,1,18.15
Female,66.1,1.75,128,57,0.63,363.0,Cardio,25.2,1.8,1,21.58
Male,103.9,1.77,148,54,1.18,864.0,Yoga,20.9,2.9,1,33.16
Female,61.7,1.58,135,54,1.87,1262.0,HIIT,16.6,2.7,3,24.72
Female,52.3,1.74,165,58,1.2,990.0,Cardio,29.4,2.2,1,17.27
Female,59.5,1.74,141,52,1.78,1129.0,Yoga,16.4,2.7,3,19.65
Female,72.9,1.76,127,68,0.86,546.0,Yoga,30.8,1.5,1,23.53
Female,76.7,1.63,139,72,1.08,751.0,Strength,25.6,1.7,1,28.87
Male,72.1,1.83,133,58,1.13,744.0,Yoga,21.4,2.8,2,21.53
Female,54.8,1.68,158,71,1.27,1003.0,Strength,32.0,2.2,2,19.42
Male,105.0,1.88,156,67,1.34,1150.0,Cardio,21.4,2.3,2,29.71
Female,55.0,1.55,169,65,1.45,1103.0,Strength,31.4,2.0,2,22.89
Male,81.6,1.66,153,50,1.09,917.0,Yoga,20.5,3.5,2,29.61
Female,75.6,1.6,130,51,0.64,416.0,HIIT,29.1,2.7,1,29.53
Male,81.5,1.61,159,63,1.93,1688.0,HIIT,10.9,3.5,3,31.44
Female,61.5,1.69,152,63,1.8,1231.0,Cardio,15.5,2.7,3,21.53
Male,74.0,1.63,150,50,1.26,936.0,Cardio,25.7,3.7,2,27.85
Female,56.4,1.59,163,74,1.26,924.0,HIIT,34.3,2.6,1,22.31
Male,102.6,1.84,153,65,1.25,1052.0,Strength,20.5,2.7,2,30.3
Female,54.6,1.57,169,64,0.58,441.0,Cardio,29.2,2.3,1,22.15
Male,129.0,1.78,126,64,1.29,805.0,Yoga,27.1,2.7,1,40.71
Male,103.5,1.66,168,61,1.33,1106.0,Cardio,24.6,3.1,1,37.56
Female,59.4,1.51,142,65,1.15,735.0,Strength,33.1,1.9,2,26.05
Female,60.1,1.79,165,63,1.97,1625.0,Cardio,15.9,2.7,3,18.76
Male,77.7,1.62,126,73,1.16,804.0,Yoga,29.6,3.0,2,29.61
Female,41.2,1.62,144,64,1.49,1073.0,Yoga,28.9,2.1,2,15.7
Male,58.6,1.61,122,72,1.2,805.0,Yoga,23.4,2.0,2,22.61
Male,109.3,1.78,157,64,0.54,420.0,Strength,28.7,3.3,1,34.5
Male,69.6,1.96,139,68,0.97,667.0,Strength,25.6,2.0,1,18.12
Female,56.2,1.79,153,57,1.79,1369.0,Yoga,17.6,2.7,3,17.54
Male,71.7,1.96,168,51,0.51,424.0,Yoga,27.3,2.5,1,18.66
Male,86.0,1.93,163,51,1.74,1404.0,Strength,12.9,3.5,3,23.09
Female,79.4,1.59,163,59,1.39,1020.0,Strength,26.6,1.5,2,31.41
Female,78.4,1.62,149,52,1.01,677.0,Strength,31.7,2.0,2,29.87
Female,55.4,1.6,136,72,1.44,979.0,HIIT,26.3,1.6,2,21.64
Female,61.7,1.55,129,66,1.41,819.0,Strength,33.1,2.6,2,25.68
Male,85.5,1.82,154,57,1.78,1357.0,Yoga,14.9,3.5,3,25.81
Male,87.6,1.93,139,72,1.72,1315.0,HIIT,11.9,3.5,3,23.52
Male,82.4,1.72,137,53,1.01,685.0,Strength,24.4,2.7,2,27.85
Male,67.0,1.68,164,63,0.55,446.0,Yoga,20.5,2.8,1,23.74
Female,42.3,1.6,163,70,1.09,888.0,Cardio,25.1,1.9,2,16.52
Male,82.7,1.99,146,59,1.69,1357.0,HIIT,14.6,3.5,3,20.88
Male,92.4,1.74,168,50,1.41,1303.0,Yoga,21.3,3.1,1,30.52
Female,63.2,1.54,155,53,1.02,790.0,Cardio,29.5,2.4,2,26.65
Male,82.7,1.85,142,50,1.22,858.0,Yoga,28.2,3.1,2,24.16
Male,86.6,1.76,151,66,1.29,1071.0,Strength,28.9,3.3,2,27.96
Male,129.5,1.95,129,66,1.0,639.0,Strength,25.2,3.5,1,34.06
Male,98.0,1.83,130,56,1.28,824.0,Cardio,25.7,3.5,2,29.26
Male,86.2,1.68,157,72,1.97,1701.0,Strength,13.3,3.5,3,30.54
Male,78.6,1.62,125,69,1.28,880.0,Yoga,29.6,3.1,1,29.95
Female,59.0,1.66,160,64,0.51,408.0,Cardio,31.0,1.8,1,21.41
Female,57.3,1.79,166,62,1.98,1479.0,Yoga,17.8,2.7,3,17.88
Male,122.3,1.89,153,51,0.66,500.0,Yoga,20.1,3.1,1,34.24
Male,85.3,1.95,155,68,1.61,1373.0,Yoga,10.4,3.5,3,22.43
Female,45.2,1.74,156,73,1.24,870.0,Strength,30.8,2.1,2,14.93
Male,55.6,1.92,136,62,0.68,458.0,Strength,29.4,3.2,1,15.08
Male,82.8,1.95,159,73,1.91,1503.0,Yoga,14.3,3.5,3,21.78
Male,125.2,1.66,159,60,1.38,1207.0,HIIT,29.8,3.4,2,45.43
Female,58.5,1.79,131,71,1.42,837.0,Yoga,30.3,2.4,2,18.26
Male,86.1,1.95,140,64,1.17,811.0,Yoga,27.9,3.4,1,22.64
Female,63.5,1.61,159,59,1.31,1041.0,Cardio,33.4,1.6,2,24.5
Male,69.3,1.68,138,58,0.66,451.0,Yoga,26.5,2.1,1,24.55
Female,70.5,1.62,122,58,1.24,756.0,Strength,28.4,1.8,1,26.86
Female,60.1,1.65,137,69,1.69,1042.0,Cardio,17.3,2.7,3,22.08
Male,94.1,1.95,138,50,0.89,608.0,HIIT,28.6,3.5,1,24.75
Female,79.2,1.62,166,66,1.26,1046.0,Cardio,28.0,2.5,2,30.18
Male,115.3,1.91,125,61,1.38,854.0,HIIT,29.2,3.2,1,31.61
Female,62.9,1.79,135,59,1.42,958.0,Cardio,27.3,2.3,2,19.63
Male,62.0,1.64,127,54,0.97,678.0,Cardio,27.5,3.2,1,23.05
Male,88.5,1.78,167,67,1.53,1265.0,HIIT,13.2,3.5,3,27.93
Female,73.9,1.77,137,64,1.28,877.0,Strength,32.5,2.6,2,23.59
Male,50.3,1.95,167,55,1.07,885.0,Strength,24.4,3.4,1,13.23
Male,83.1,1.8,162,56,0.7,624.0,Strength,29.3,3.1,1,25.65
Female,65.1,1.78,158,66,1.46,1038.0,Cardio,31.3,2.3,1,20.55
Male,46.6,1.79,168,55,1.46,1214.0,Yoga,22.9,2.4,2,14.54
Male,103.5,1.89,168,57,0.54,499.0,Cardio,26.4,3.1,1,28.97
Female,61.9,1.54,131,61,1.95,1150.0,Yoga,16.4,2.7,3,26.1
Female,52.0,1.61,164,70,1.32,1082.0,Yoga,27.9,2.0,2,20.06
Male,113.4,1.71,129,63,0.83,530.0,Strength,24.0,2.3,1,38.78
Male,62.9,1.98,126,61,1.42,886.0,Yoga,28.5,3.4,2,16.04
Female,40.4,1.8,165,72,1.23,913.0,Cardio,30.0,2.1,2,12.47
Female,67.1,1.75,120,59,0.67,362.0,Cardio,31.8,2.7,1,21.91
Male,70.0,1.61,168,71,1.3,1201.0,Strength,23.9,2.5,1,27.01
Female,69.5,1.75,155,69,1.02,711.0,HIIT,27.6,2.1,1,22.69
Male,107.9,1.66,140,64,1.08,832.0,Cardio,29.5,2.8,2,39.16
Male,109.0,1.91,156,56,1.49,1151.0,Yoga,26.0,2.2,2,29.88
Male,101.0,1.91,143,58,1.36,1070.0,Cardio,29.3,2.7,2,27.69
Male,88.5,1.85,144,59,1.57,1119.0,Cardio,11.0,3.5,3,25.86
Male,80.9,1.8,126,59,1.55,1074.0,Cardio,10.7,3.5,3,24.97
Female,43.1,1.62,161,65,1.04,837.0,HIIT,33.6,1.8,2,16.42
Female,59.1,1.52,136,56,1.58,967.0,Yoga,18.4,2.7,3,25.58
Female,54.0,1.53,148,54,1.14,844.0,Strength,26.9,1.7,1,23.07
Female,72.3,1.78,149,72,1.27,852.0,Cardio,27.7,1.8,1,22.82
Male,51.1,1.98,126,52,0.92,574.0,Yoga,28.0,2.4,1,13.03
Male,89.4,1.72,152,67,1.08,813.0,Yoga,24.5,3.2,1,30.22
Male,51.5,1.8,126,60,1.09,680.0,Strength,26.7,2.1,2,15.9
Male,87.9,1.88,143,64,1.52,1195.0,Cardio,11.6,3.5,3,24.87
Female,42.0,1.52,130,70,1.1,644.0,HIIT,28.8,2.2,1,18.18
Male,79.2,1.72,128,69,1.46,925.0,Yoga,29.9,3.3,1,26.77
Male,64.8,1.71,131,54,1.2,778.0,Strength,22.5,2.8,2,22.16
Female,63.0,1.78,154,73,1.58,1095.0,HIIT,17.5,2.7,3,19.88
Female,56.2,1.77,123,61,0.68,418.0,Yoga,33.4,2.6,1,17.94
Female,52.9,1.64,155,53,1.1,767.0,Cardio,27.4,2.3,2,19.67
Female,49.0,1.69,147,64,1.05,772.0,Yoga,29.2,2.4,1,17.16
Male,128.2,1.84,132,58,0.83,603.0,HIIT,26.2,2.3,1,37.87
Male,83.6,1.86,142,56,1.54,1082.0,HIIT,12.4,3.5,3,24.16
Female,56.2,1.77,138,59,1.81,1249.0,Cardio,17.3,2.7,3,17.94
Male,87.8,1.78,161,72,1.28,1133.0,Cardio,23.6,3.3,1,27.71
Male,85.9,1.85,156,62,1.66,1424.0,Strength,12.9,3.5,3,25.1
Male,51.1,1.87,158,57,1.44,1126.0,Cardio,26.2,3.4,2,14.61
Female,57.4,1.71,143,61,1.87,1337.0,Strength,18.3,2.7,3,19.63
Male,114.9,1.92,135,71,1.2,802.0,HIIT,20.7,2.6,2,31.17
Female,62.1,1.66,152,73,1.37,937.0,HIIT,31.3,1.8,2,22.54
Male,57.1,1.91,131,68,1.09,707.0,Yoga,29.5,2.7,2,15.65
Male,68.1,1.8,153,50,1.1,926.0,Yoga,25.4,3.3,2,21.02
Male,69.2,1.65,126,65,1.23,852.0,Strength,27.2,2.7,1,25.42
Female,65.2,1.52,130,71,1.23,800.0,Cardio,30.6,2.4,1,28.22
Male,108.6,1.73,150,66,1.33,988.0,Cardio,28.5,2.2,1,36.29
Female,40.0,1.65,148,74,1.03,686.0,Yoga,34.3,2.5,2,14.69
Female,41.9,1.58,132,67,0.56,370.0,HIIT,26.8,1.8,1,16.78
Female,68.3,1.52,150,60,1.45,979.0,Strength,29.4,1.8,2,29.56
Male,88.4,1.6,121,67,1.71,1138.0,HIIT,12.0,3.5,3,34.53
Male,66.0,1.9,158,56,1.18,1025.0,HIIT,24.1,3.0,1,18.28
Male,71.9,1.64,134,67,1.26,929.0,Cardio,21.3,2.1,2,26.73
Male,75.6,1.71,130,57,1.03,663.0,Strength,28.1,2.0,2,25.85
Female,63.4,1.59,153,55,1.84,1267.0,HIIT,15.2,2.7,3,25.08
Female,71.6,1.77,158,56,1.49,1177.0,Yoga,30.3,1.8,1,22.85
Female,57.4,1.77,123,72,1.08,598.0,Yoga,31.6,2.1,2,18.32
Male,83.8,1.99,130,71,1.79,1280.0,Cardio,11.0,3.5,3,21.16
Female,55.9,1.71,148,59,1.95,1443.0,Yoga,19.5,2.7,3,19.12
Male,87.0,1.76,121,60,1.2,799.0,Yoga,28.4,3.5,2,28.09
Female,65.3,1.71,135,74,1.18,796.0,HIIT,29.7,2.5,2,22.33
Male,45.4,1.67,158,62,1.37,1071.0,Yoga,24.1,2.8,2,16.28
Male,87.1,1.87,132,58,1.71,1241.0,Yoga,11.2,3.5,3,24.91
Female,78.6,1.73,156,56,1.47,1147.0,HIIT,32.3,1.5,2,26.26
Female,78.0,1.71,136,58,1.08,734.0,Cardio,26.3,2.1,1,26.67
Female,58.0,1.53,140,62,1.83,1153.0,Cardio,18.4,2.7,3,24.78
Female,71.3,1.69,163,52,1.28,1043.0,Strength,33.4,2.3,2,24.96
Male,49.1,1.74,138,52,1.11,842.0,Yoga,22.3,2.6,2,16.22
Female,78.3,1.65,126,50,1.24,703.0,HIIT,33.7,1.6,1,28.76
Female,57.3,1.64,157,70,1.13,887.0,Strength,25.3,1.8,2,21.3
Female,48.4,1.61,127,69,1.28,732.0,Cardio,34.1,2.4,1,18.67
Male,76.4,1.62,132,51,1.35,980.0,Cardio,21.2,2.6,2,29.11
Male,110.2,1.77,156,74,1.19,1021.0,HIIT,26.5,3.4,1,35.18
Female,72.9,1.76,121,52,1.21,732.0,Strength,27.5,1.9,2,23.53
Male,82.1,1.86,160,64,1.87,1481.0,Strength,14.2,3.5,3,23.73
Female,58.9,1.76,130,73,0.63,410.0,HIIT,30.1,1.7,1,19.01
Male,82.2,1.87,143,55,1.57,1111.0,HIIT,10.7,3.5,3,23.51
Male,96.7,1.72,125,62,1.46,903.0,Strength,25.7,2.7,2,32.69
Male,81.4,1.86,145,70,1.8,1292.0,Cardio,12.0,3.5,3,23.53
Male,107.8,1.73,126,50,1.09,680.0,Yoga,26.6,2.8,2,36.02
Female,65.8,1.62,158,69,1.0,790.0,Cardio,33.8,1.5,2,25.07
Female,68.5,1.56,138,68,1.45,900.0,HIIT,29.1,1.6,2,28.15
Female,63.9,1.59,125,50,1.87,1169.0,Strength,16.4,2.7,3,25.28
Male,76.3,1.62,162,70,1.16,1034.0,Strength,20.1,2.3,2,29.07
Female,44.5,1.65,148,71,1.44,959.0,Yoga,30.7,1.6,1,16.35
Female,50.7,1.75,162,51,1.29,940.0,Strength,29.0,1.9,2,16.56
Female,55.1,1.61,158,64,1.55,1224.0,Yoga,16.9,2.7,3,21.26
Male,73.7,1.61,121,63,1.36,815.0,Cardio,21.8,3.6,2,28.43
Male,55.6,1.77,138,68,1.2,820.0,Cardio,24.3,2.9,2,17.75
Male,86.9,1.76,123,60,1.13,688.0,Strength,29.8,3.1,2,28.05
Female,60.3,1.68,125,64,1.6,900.0,Strength,16.5,2.7,3,21.36
Female,40.4,1.64,168,55,0.99,832.0,HIIT,31.0,1.9,1,15.02
Female,78.5,1.66,156,69,1.29,1006.0,HIIT,32.8,1.9,2,28.49
Male,102.6,1.72,147,58,0.82,597.0,Strength,27.5,2.0,1,34.68
Male,110.8,1.91,149,54,1.31,1074.0,Strength,23.3,2.9,1,30.37
Female,60.9,1.79,126,69,1.11,699.0,Cardio,31.1,2.1,1,19.01
Male,55.7,1.61,128,51,1.41,993.0,Strength,28.7,2.3,1,21.49
Male,110.5,1.92,144,55,1.16,919.0,HIIT,20.2,3.3,2,29.98
Male,55.2,1.71,152,67,0.77,579.0,Cardio,24.4,2.8,1,18.88
Male,46.5,1.72,120,72,1.4,832.0,Yoga,22.2,2.6,2,15.72
Female,70.9,1.66,125,68,0.81,506.0,HIIT,28.9,1.7,1,25.73
Male,74.6,1.75,137,58,1.09,739.0,HIIT,24.2,2.9,1,24.36
Male,45.1,1.72,129,70,0.93,594.0,Cardio,27.5,3.3,1,15.24
Male,99.9,1.99,147,73,1.33,1075.0,Yoga,20.9,2.5,1,25.23
Male,117.0,1.61,130,55,1.04,744.0,HIIT,25.1,2.4,2,45.14
Female,75.9,1.73,152,63,1.39,1056.0,Strength,30.6,2.1,2,25.36
Female,71.2,1.64,120,73,1.11,666.0,HIIT,29.9,1.7,2,26.47
Male,78.8,1.72,132,62,1.01,660.0,Cardio,27.3,3.1,2,26.64
Male,50.6,1.69,156,60,1.31,1012.0,Cardio,23.8,3.0,1,17.72
Male,82.5,1.79,139,61,1.69,1163.0,Cardio,14.7,3.5,3,25.75
Male,108.5,1.79,120,68,1.33,878.0,HIIT,24.8,2.1,2,33.86
Male,49.9,1.98,122,68,1.15,772.0,Yoga,25.7,2.1,2,12.73
Male,125.1,1.91,137,70,0.52,353.0,Strength,28.3,3.1,1,34.29
Female,79.7,1.66,160,68,1.06,763.0,Cardio,27.8,1.9,1,28.92
Male,126.8,1.63,133,73,0.96,632.0,Yoga,20.8,2.1,1,47.72
Female,54.6,1.57,150,62,1.31,982.0,Strength,32.1,2.4,1,22.15
Female,47.8,1.54,146,63,1.34,880.0,Cardio,29.8,1.9,2,20.16
Male,97.9,1.91,136,73,1.01,680.0,Strength,29.0,2.8,2,26.84
Female,63.1,1.54,165,67,1.36,1010.0,Strength,34.8,1.8,2,26.61
Female,72.4,1.69,148,61,1.07,713.0,Yoga,29.0,2.3,2,25.35
Female,58.9,1.7,155,53,1.52,1060.0,Strength,17.1,2.7,3,20.38
Female,50.4,1.6,156,59,1.03,803.0,Cardio,29.1,1.9,2,19.69
Female,64.2,1.59,145,66,1.63,1182.0,Yoga,16.6,2.7,3,25.39
Female,58.8,1.77,136,53,1.4,952.0,HIIT,32.8,2.7,1,18.77
Male,105.2,1.62,141,61,1.36,949.0,HIIT,27.6,3.2,1,40.09
Female,45.9,1.5,144,62,0.92,662.0,Yoga,29.8,1.7,1,20.4
Female,65.2,1.63,121,53,1.12,610.0,HIIT,25.4,2.0,2,24.54
Female,56.3,1.79,141,59,1.52,964.0,Strength,16.5,2.7,3,17.57
Male,90.0,1.7,124,74,0.81,497.0,Cardio,22.9,2.7,1,31.14
Female,60.0,1.7,123,52,1.97,1212.0,Strength,19.1,2.7,3,20.76
Male,51.5,1.71,155,64,1.48,1136.0,Yoga,20.9,2.9,1,17.61
Female,63.1,1.64,125,51,1.54,962.0,Cardio,19.0,2.7,3,23.46
Male,91.5,1.77,140,74,0.8,616.0,Yoga,26.7,3.4,1,29.21
Male,48.7,1.67,132,74,1.39,1009.0,Yoga,27.3,3.0,1,17.46
Female,57.8,1.56,156,66,1.35,1053.0,Yoga,29.3,1.6,2,23.75
Female,42.0,1.75,144,55,0.83,598.0,Strength,31.8,2.3,1,13.71
Male,128.4,1.92,145,57,0.63,502.0,Cardio,26.1,2.0,1,34.83
Female,74.2,1.57,158,52,1.47,1161.0,Cardio,32.7,2.4,1,30.1
Male,89.6,1.68,139,74,1.79,1232.0,Cardio,12.2,3.5,3,31.75
Male,125.9,2.0,152,67,1.36,1137.0,Strength,24.7,3.1,2,31.48
Male,105.5,1.99,133,71,0.81,593.0,HIIT,26.4,2.5,1,26.64
Male,93.4,1.7,155,50,1.1,938.0,Strength,21.1,2.5,2,32.32
Male,82.1,1.84,136,65,1.37,922.0,Strength,24.4,3.4,2,24.25
Female,42.9,1.69,140,56,0.9,567.0,Yoga,34.7,2.4,1,15.02
Male,128.4,1.68,165,52,1.13,923.0,Cardio,20.4,2.6,2,45.49
Male,112.4,1.96,135,72,1.42,1054.0,Cardio,23.2,2.5,1,29.26
Female,77.7,1.79,165,53,1.41,1047.0,HIIT,28.1,2.2,1,24.25
Male,89.3,1.99,135,58,1.4,936.0,HIIT,26.3,2.0,2,22.55
Female,70.3,1.55,139,54,1.4,876.0,Yoga,26.1,1.6,1,29.26
Female,59.1,1.72,148,68,1.07,792.0,Cardio,31.3,1.7,2,19.98
Female,49.9,1.69,147,64,1.48,979.0,HIIT,26.0,1.7,2,17.47
Male,101.7,1.67,127,57,0.53,333.0,HIIT,20.9,2.9,1,36.47
Male,93.0,1.91,143,55,1.03,729.0,Cardio,27.3,3.7,2,25.49
Male,87.4,1.6,122,67,0.77,465.0,Strength,23.2,3.1,1,34.14
Female,55.1,1.61,144,68,1.62,1166.0,HIIT,19.9,2.7,3,21.26
Male,123.7,1.69,138,73,1.3,987.0,Cardio,20.4,2.1,2,43.31
Female,61.3,1.57,152,64,1.94,1474.0,HIIT,17.2,2.7,3,24.87
Male,72.3,1.94,121,56,1.46,874.0,Yoga,21.1,2.9,2,19.21
Female,69.2,1.53,134,59,1.36,911.0,HIIT,28.5,2.1,1,29.56
Male,81.4,1.61,141,55,1.14,796.0,Cardio,30.0,2.2,2,31.4
Male,84.8,1.86,129,63,1.85,1181.0,HIIT,14.4,3.5,3,24.51
Male,55.1,1.72,137,66,1.43,970.0,Yoga,20.5,3.6,2,18.62
Female,59.0,1.78,141,58,1.67,1177.0,Yoga,17.8,2.7,3,18.62
Female,64.9,1.51,165,68,1.83,1359.0,HIIT,18.2,2.7,3,28.46
Male,109.7,1.75,168,54,1.01,840.0,HIIT,22.1,2.7,1,35.82
Male,78.4,1.9,146,72,0.81,585.0,Yoga,21.5,3.7,1,21.72
Female,76.7,1.79,132,56,1.4,832.0,Yoga,34.0,2.0,2,23.94
Female,63.1,1.61,152,68,1.0,684.0,Strength,34.7,2.2,2,24.34
Female,62.9,1.58,124,69,1.98,1105.0,Strength,20.0,2.7,3,25.2
Male,85.6,1.74,145,56,1.84,1321.0,Yoga,13.9,3.5,3,28.27
Female,66.3,1.57,132,73,1.25,742.0,HIIT,31.6,1.6,1,26.9
Male,61.3,1.97,146,51,1.37,1100.0,Cardio,23.5,2.8,1,15.8
Female,44.1,1.65,133,74,1.16,694.0,HIIT,26.7,1.8,2,16.2
Male,63.8,1.62,143,72,1.3,1022.0,HIIT,20.8,3.4,1,24.31
Female,55.4,1.55,122,65,1.85,1016.0,Strength,18.5,2.7,3,23.06
Female,74.7,1.58,166,62,1.04,863.0,Strength,32.8,2.4,2,29.92
Female,78.0,1.67,168,57,1.13,949.0,Strength,33.3,2.5,2,27.97
Female,57.5,1.67,149,55,1.14,764.0,Yoga,34.1,2.4,1,20.62
Female,60.7,1.73,154,55,1.03,714.0,Yoga,33.8,2.5,2,20.28
Male,69.0,1.74,167,58,1.48,1223.0,HIIT,30.0,2.3,2,22.79
Female,75.8,1.78,133,53,1.42,944.0,HIIT,27.4,2.0,2,23.92
Female,75.7,1.63,131,60,0.69,407.0,Cardio,32.6,2.3,1,28.49
Female,71.2,1.64,147,54,1.42,939.0,HIIT,30.9,2.3,2,26.47
Male,85.0,1.68,163,74,1.82,1468.0,HIIT,11.3,3.5,3,30.12
Female,63.6,1.56,148,66,1.22,903.0,Strength,34.8,2.4,1,26.13
Male,73.2,1.94,162,69,0.81,722.0,Strength,29.0,2.4,1,19.45
Female,48.3,1.52,136,56,0.96,653.0,Strength,26.3,1.6,1,20.91
Female,42.8,1.78,159,64,1.49,1066.0,Strength,25.3,2.6,2,13.51
Male,88.1,1.76,168,74,1.35,1123.0,Strength,26.9,3.0,2,28.44
Female,72.4,1.75,140,64,1.2,840.0,Cardio,31.0,1.7,2,23.64
Male,73.2,1.88,142,63,1.17,822.0,Cardio,29.4,3.3,1,20.71
Male,110.5,1.86,139,62,1.42,1086.0,Cardio,22.3,3.6,1,31.94
Female,46.1,1.76,130,60,1.44,842.0,Strength,25.8,1.7,2,14.88
Male,90.8,1.71,153,62,1.07,810.0,Yoga,22.6,3.4,2,31.05
Female,59.3,1.51,129,71,1.7,1096.0,Strength,15.1,2.7,3,26.01
Female,45.1,1.73,129,73,0.83,482.0,Strength,25.4,2.6,1,15.07
Male,45.0,1.77,162,58,1.48,1187.0,Cardio,29.1,3.6,2,14.36
Male,89.4,1.62,125,59,1.43,885.0,Strength,23.5,3.6,2,34.06
Male,127.7,1.69,155,53,1.14,875.0,Cardio,24.1,2.9,2,44.71
Male,70.9,1.72,143,66,1.31,927.0,Strength,20.2,2.6,2,23.97
Female,49.2,1.5,131,63,1.15,678.0,HIIT,27.7,1.5,2,21.87
Female,62.3,1.79,162,73,1.99,1451.0,Yoga,19.0,2.7,3,19.44
Male,64.1,1.87,142,67,0.64,500.0,Yoga,26.2,2.1,1,18.33
Female,69.7,1.75,146,60,1.41,1029.0,Cardio,32.5,2.0,1,22.76
Female,56.9,1.59,164,65,1.49,1100.0,HIIT,29.5,2.0,2,22.51
Female,53.0,1.71,156,50,1.13,881.0,Yoga,28.1,1.7,2,18.13
Female,72.7,1.55,125,56,0.84,525.0,Cardio,29.8,2.0,1,30.26
Male,76.5,1.96,120,59,0.67,442.0,Strength,23.2,2.3,1,19.91
Male,113.6,1.99,125,58,1.38,949.0,Strength,28.4,3.4,1,28.69
Female,62.5,1.62,169,74,1.56,1318.0,HIIT,16.5,2.7,3,23.81
Male,95.2,1.86,141,52,0.64,496.0,Yoga,26.6,2.5,1,27.52
Male,51.7,1.82,160,71,0.9,792.0,Strength,21.4,3.0,1,15.61
Male,105.3,1.67,143,72,0.57,448.0,Cardio,26.9,2.9,1,37.76
Female,71.2,1.68,144,63,1.37,888.0,Strength,34.1,1.6,1,25.23
Female,78.1,1.51,134,74,0.92,555.0,Strength,31.1,2.6,1,34.25
Female,50.6,1.68,145,64,1.21,877.0,Yoga,30.6,2.1,2,17.93
Male,70.2,1.89,127,51,0.7,440.0,Yoga,29.6,2.6,1,19.65
Female,62.6,1.53,143,73,1.93,1380.0,Cardio,18.1,2.7,3,26.74
Female,60.6,1.65,167,63,0.92,768.0,HIIT,27.6,1.7,1,22.26
Male,76.4,1.97,157,65,1.14,886.0,HIIT,22.9,2.6,2,19.69
Female,63.3,1.71,125,56,1.88,1175.0,Strength,18.5,2.7,3,21.65
Female,68.6,1.64,154,53,1.33,1024.0,Cardio,32.4,1.5,2,25.51
Male,123.3,1.88,161,67,1.3,1036.0,HIIT,23.0,2.6,2,34.89
Male,107.0,1.94,120,73,1.35,891.0,HIIT,23.5,2.9,1,28.43
Male,68.3,1.92,165,54,1.42,1289.0,Strength,29.9,3.5,1,18.53
Female,47.8,1.6,155,55,1.19,830.0,Cardio,26.0,2.3,2,18.67
Female,58.4,1.79,131,56,1.6,943.0,HIIT,17.0,2.7,3,18.23
Female,74.3,1.71,157,64,1.43,1123.0,Yoga,25.6,1.6,2,25.41
Male,106.8,1.82,130,50,1.0,715.0,Yoga,28.2,2.3,2,32.24
Male,125.5,1.8,131,73,1.26,817.0,Strength,20.9,2.7,2,38.73
Female,55.2,1.55,161,53,1.37,1103.0,Strength,31.7,1.7,2,22.98
Female,71.4,1.72,169,74,1.25,1056.0,Strength,25.6,1.5,1,24.13
Male,77.7,1.61,158,50,1.03,806.0,Strength,26.7,3.4,2,29.98
Male,88.4,1.6,126,60,1.86,1160.0,HIIT,14.2,3.5,3,34.53
Male,104.8,1.99,130,67,0.93,598.0,Cardio,24.0,2.0,1,26.46
Male,82.2,1.69,155,63,1.15,882.0,Strength,25.2,3.4,2,28.78
Female,68.2,1.75,150,71,0.85,638.0,Strength,29.0,1.7,1,22.27
Male,91.4,1.99,152,60,1.37,1145.0,HIIT,23.0,3.7,2,23.08
Female,42.1,1.65,132,59,1.22,725.0,Strength,33.0,2.2,1,15.46
Female,68.7,1.76,137,66,1.37,845.0,Strength,27.7,2.4,2,22.18
Female,47.2,1.74,160,53,1.5,1200.0,Cardio,32.2,1.6,2,15.59
Male,92.0,1.76,143,73,0.73,574.0,Yoga,22.1,3.5,1,29.7
Male,56.2,1.95,128,64,1.09,767.0,Strength,22.5,3.4,2,14.78
Male,58.4,1.72,150,65,1.31,973.0,HIIT,23.4,3.1,2,19.74
Male,82.9,1.95,160,70,1.9,1505.0,Cardio,12.9,3.5,3,21.8
Female,66.9,1.74,129,62,1.24,720.0,HIIT,29.5,2.1,1,22.1
Male,66.3,1.85,121,58,1.18,707.0,Cardio,27.5,3.2,1,19.37
Male,93.6,1.93,157,60,1.38,1192.0,Cardio,22.1,2.0,1,25.13
Female,64.1,1.5,134,60,1.93,1293.0,Strength,15.1,2.7,3,28.49
Male,86.7,1.62,122,55,1.52,1020.0,Strength,13.9,3.5,3,33.04
Female,62.0,1.59,162,50,1.23,996.0,Strength,33.2,2.2,2,24.52
Female,58.1,1.61,150,71,1.9,1425.0,Yoga,15.3,2.7,3,22.41
Female,64.9,1.6,125,55,1.49,838.0,Yoga,31.1,2.5,2,25.35
Female,69.3,1.62,122,62,1.14,626.0,HIIT,28.8,1.9,2,26.41
Female,42.7,1.74,130,71,1.04,608.0,Strength,32.9,1.6,1,14.1
Female,51.4,1.63,134,73,1.2,724.0,Yoga,33.7,2.0,2,19.35
Female,67.4,1.6,164,71,0.6,492.0,Strength,33.5,2.4,1,26.33
Female,55.6,1.61,147,54,1.77,1301.0,Yoga,18.9,2.7,3,21.45
Male,125.3,1.86,129,64,1.0,639.0,Yoga,22.7,2.2,2,36.22
Male,102.1,1.85,157,67,1.48,1278.0,Cardio,28.1,2.4,2,29.83
Male,61.9,1.77,166,69,1.32,1205.0,Strength,25.3,2.3,1,19.76
Male,108.8,1.64,169,63,1.4,1171.0,Strength,20.5,3.4,1,40.45
Female,51.1,1.58,169,64,0.5,422.0,Yoga,29.6,1.6,1,20.47
Male,81.7,1.99,126,54,1.45,1005.0,Strength,29.4,3.2,1,20.63
Female,42.7,1.66,134,53,0.73,440.0,Yoga,33.9,1.9,1,15.5
Male,81.8,1.99,137,51,1.59,1198.0,Strength,10.5,3.5,3,20.66
Male,54.6,1.76,137,56,1.28,868.0,Cardio,27.4,3.3,2,17.63
Male,107.7,1.88,160,59,0.72,634.0,Strength,28.1,3.6,1,30.47
Female,56.9,1.6,143,65,0.88,566.0,Cardio,27.7,1.6,1,22.23
Male,78.8,1.71,121,59,1.49,992.0,HIIT,24.7,2.5,2,26.95
Female,48.2,1.64,159,67,1.25,894.0,Strength,32.1,2.5,2,17.92
Female,50.7,1.59,139,66,1.27,883.0,Strength,29.4,1.8,2,20.05
Male,86.6,1.99,153,70,1.98,1500.0,Strength,10.6,3.5,3,21.87
Male,96.3,1.63,162,62,1.35,1203.0,Cardio,27.1,2.4,2,36.25
Male,80.8,1.98,145,50,1.65,1316.0,Strength,14.6,3.5,3,20.61
Female,58.0,1.53,126,50,1.84,1159.0,Strength,18.3,2.7,3,24.78
Male,95.9,1.85,157,64,1.28,995.0,Yoga,27.7,3.4,1,28.02
Female,61.5,1.58,149,50,1.86,1247.0,HIIT,16.8,2.7,3,24.64
Female,40.6,1.79,161,55,0.62,499.0,Cardio,26.8,2.7,1,12.67
Male,82.5,1.87,124,74,1.51,927.0,Yoga,13.2,3.5,3,23.59
Male,105.1,1.84,130,62,0.69,444.0,Cardio,23.3,2.9,1,31.04
Female,58.1,1.58,120,50,1.93,1042.0,Yoga,19.3,2.7,3,23.27
Female,61.0,1.76,153,54,1.54,1060.0,HIIT,15.6,2.7,3,19.69
Female,64.5,1.53,120,58,1.74,940.0,Yoga,17.2,2.7,3,27.55
Male,58.2,1.98,138,74,1.43,1085.0,Cardio,24.0,2.5,2,14.85
Female,69.5,1.76,121,66,0.94,569.0,Strength,34.4,2.0,1,22.44
Male,62.2,1.84,140,65,0.51,393.0,Strength,21.5,2.3,1,18.37
Female,68.0,1.7,139,57,1.06,663.0,HIIT,25.1,2.4,2,23.53
Female,56.3,1.5,142,66,1.43,914.0,Cardio,27.4,2.4,1,25.02
Male,94.5,1.7,140,64,1.01,700.0,Cardio,28.2,3.5,2,32.7
Female,58.0,1.79,143,73,1.39,994.0,Cardio,27.1,1.5,1,18.1
Male,84.0,1.94,123,50,1.8,1218.0,HIIT,11.2,3.5,3,22.32
Male,61.0,1.87,131,61,1.14,739.0,Strength,21.3,3.0,2,17.44
Female,64.8,1.53,141,54,1.98,1396.0,Yoga,18.6,2.7,3,27.68
Male,45.7,1.77,139,73,1.04,795.0,HIIT,20.7,2.4,1,14.59
Male,80.9,1.9,137,55,1.8,1356.0,Yoga,11.7,3.5,3,22.41
Female,64.1,1.63,120,74,1.58,948.0,Strength,16.4,2.7,3,24.13
Male,67.0,1.77,149,50,1.22,900.0,HIIT,25.6,2.6,2,21.39
Male,106.5,1.6,152,74,1.4,1170.0,Strength,27.3,3.3,2,41.6
Male,95.1,1.85,143,50,1.21,952.0,Yoga,25.3,2.3,2,27.79
Female,65.5,1.57,133,59,0.66,395.0,Cardio,34.3,2.3,1,26.57
Male,105.7,1.64,155,59,1.2,921.0,Cardio,29.5,3.1,2,39.3
Female,48.0,1.76,124,52,0.88,491.0,Yoga,28.6,2.6,1,15.5
Female,69.5,1.5,130,66,0.69,448.0,Cardio,32.8,2.4,1,30.89
Male,66.1,1.69,143,68,0.77,545.0,Yoga,27.4,3.4,1,23.14
Male,68.0,1.7,150,60,0.76,627.0,HIIT,28.9,2.9,1,23.53
Male,50.3,1.78,132,67,0.85,555.0,HIIT,24.5,2.3,1,15.88
Female,69.3,1.68,135,51,1.2,729.0,HIIT,30.3,2.0,1,24.55
Male,86.7,1.63,143,58,1.7,1203.0,Cardio,12.1,3.5,3,32.63
Male,125.9,1.94,132,73,1.35,882.0,Strength,28.5,2.9,2,33.45
Male,88.1,1.93,143,66,1.88,1479.0,Cardio,11.1,3.5,3,23.65
Male,124.3,1.82,145,63,1.25,997.0,Cardio,22.4,3.2,2,37.53
Male,62.0,1.85,121,53,0.88,586.0,Strength,23.7,3.0,1,18.12
Female,69.7,1.72,135,66,1.24,753.0,Strength,27.3,2.0,2,23.56
Female,60.9,1.52,157,66,1.31,926.0,Strength,30.6,1.8,2,26.36
Male,76.5,1.97,165,61,1.13,1025.0,Strength,21.3,2.3,1,19.71
Male,94.7,1.82,120,69,1.47,873.0,Cardio,23.2,3.2,2,28.59
Male,67.9,1.75,168,67,1.25,1155.0,Yoga,29.1,3.1,1,22.17
Male,121.1,1.87,130,52,1.31,937.0,HIIT,24.1,3.2,2,34.63
Female,71.5,1.64,154,60,1.46,1012.0,Yoga,32.5,1.9,2,26.58
Male,98.6,1.7,162,74,0.83,740.0,Cardio,21.1,2.4,1,34.12
Female,68.2,1.63,148,67,1.17,779.0,Strength,27.5,2.4,1,25.67
Female,57.7,1.69,156,53,1.18,920.0,HIIT,33.1,2.4,2,20.2
Male,124.6,1.63,136,66,1.41,1055.0,HIIT,27.6,2.8,2,46.9
Female,73.0,1.59,158,67,1.31,931.0,Yoga,28.9,2.2,1,28.88
Female,59.4,1.51,161,54,1.62,1304.0,Cardio,19.8,2.7,3,26.05
Female,52.0,1.65,147,63,0.7,463.0,Cardio,34.1,1.9,1,19.1
Female,42.2,1.65,148,59,1.33,886.0,Cardio,34.6,2.3,2,15.5
Male,89.3,1.64,162,64,1.82,1622.0,HIIT,12.1,3.5,3,33.2
Male,110.0,1.76,122,50,1.09,658.0,Yoga,22.0,3.4,1,35.51
Female,66.2,1.58,129,65,0.86,499.0,HIIT,31.3,2.3,1,26.52
Male,58.6,1.66,161,60,1.21,964.0,HIIT,26.8,2.9,1,21.27
Male,51.0,1.67,133,72,0.97,710.0,Strength,21.3,2.8,1,18.29
Male,101.5,1.95,131,69,0.97,699.0,Yoga,27.9,3.1,1,26.69
Male,114.2,1.87,166,55,1.05,959.0,Strength,20.2,3.2,2,32.66
Male,54.4,1.72,161,73,0.91,725.0,Cardio,24.8,2.9,1,18.39
Female,52.4,1.57,149,71,1.34,898.0,HIIT,28.3,2.2,2,21.26
Male,85.2,1.81,151,65,1.54,1151.0,Yoga,13.7,3.5,3,26.01
Male,83.6,1.74,151,51,1.66,1379.0,Cardio,11.6,3.5,3,27.61
Male,115.4,1.92,161,50,1.36,1084.0,Yoga,28.3,2.2,2,31.3
Male,71.2,1.97,151,73,0.74,615.0,HIIT,25.9,3.6,1,18.35
Female,78.1,1.6,145,73,1.1,718.0,Yoga,32.9,2.4,2,30.51
Female,54.2,1.65,120,58,1.07,642.0,Cardio,34.9,1.9,2,19.91
Female,77.6,1.76,161,71,1.27,920.0,Strength,31.8,2.2,2,25.05
Female,44.1,1.62,121,61,1.41,768.0,HIIT,34.8,1.6,1,16.8
Male,85.5,1.8,136,66,1.7,1144.0,Strength,10.1,3.5,3,26.39
Female,47.8,1.76,149,74,1.06,711.0,HIIT,28.4,1.5,2,15.43
Male,102.5,1.94,158,64,0.84,730.0,Cardio,21.1,2.4,1,27.23
Male,118.0,1.9,126,68,0.66,412.0,HIIT,22.6,3.2,1,32.69
Male,82.3,1.84,146,71,1.29,932.0,Strength,28.4,3.4,2,24.31
Male,81.6,1.87,128,59,1.87,1185.0,HIIT,10.2,3.5,3,23.33
Male,60.2,1.88,141,61,1.22,946.0,Cardio,25.2,3.0,2,17.03
Female,49.2,1.54,153,63,1.28,881.0,HIIT,30.7,2.1,2,20.75
Female,46.6,1.5,165,58,1.38,1025.0,Strength,30.6,2.0,1,20.71
Female,68.7,1.72,168,62,1.08,907.0,Cardio,29.8,1.7,2,23.22
Female,60.6,1.55,120,52,1.3,780.0,Strength,32.9,1.6,2,25.22
Male,52.1,1.61,128,70,0.87,612.0,HIIT,21.3,3.3,1,20.1
Female,46.6,1.77,139,63,0.61,382.0,Yoga,28.1,2.6,1,14.87
Male,65.5,1.74,138,70,1.48,1011.0,Strength,26.2,2.8,2,21.63
Female,44.2,1.57,155,59,1.08,753.0,HIIT,31.9,2.3,1,17.93
Male,89.1,1.84,159,65,1.44,1133.0,Yoga,24.0,3.6,2,26.32
Male,65.9,1.62,164,56,0.81,731.0,Yoga,28.8,2.2,1,25.11
Female,55.6,1.57,123,53,0.97,597.0,Cardio,29.2,2.4,1,22.56
Male,63.7,1.98,128,69,1.37,868.0,Yoga,24.0,3.0,1,16.25
Male,86.2,1.82,160,72,1.96,1725.0,Strength,10.2,3.5,3,26.02
Female,59.2,1.63,141,74,1.85,1304.0,Strength,17.8,2.7,3,22.28
Male,85.4,1.88,137,60,1.98,1492.0,Yoga,13.5,3.5,3,24.16
Female,68.1,1.55,131,65,1.41,831.0,HIIT,26.1,2.2,2,28.35
Female,60.0,1.62,161,69,0.85,684.0,Strength,28.1,1.9,1,22.86
Female,74.8,1.69,162,53,1.28,933.0,Strength,32.8,2.3,2,26.19
Male,90.3,1.65,158,71,1.38,1199.0,Cardio,23.7,3.4,2,33.17
Male,86.1,1.65,128,71,1.66,1169.0,HIIT,11.2,3.5,3,31.63
Male,73.7,1.66,125,72,0.93,639.0,Yoga,26.7,2.2,1,26.75
Female,67.7,1.56,138,66,1.42,980.0,HIIT,27.0,2.1,2,27.82
Male,78.3,1.96,167,62,1.29,1066.0,Cardio,29.0,2.2,1,20.38
Female,48.2,1.65,166,60,1.1,913.0,Cardio,26.1,2.5,1,17.7
Female,56.8,1.51,126,52,1.37,777.0,HIIT,32.1,2.1,2,24.91
Male,112.4,1.63,135,58,1.02,757.0,Cardio,25.0,3.4,2,42.3
Female,59.0,1.67,124,55,0.9,558.0,Cardio,33.7,1.9,1,21.16
Male,98.4,1.88,135,71,0.52,386.0,Cardio,21.3,2.2,1,27.84
Male,66.5,1.6,120,70,1.34,796.0,HIIT,26.8,2.1,2,25.98
Male,106.5,1.81,156,60,1.29,1107.0,Cardio,25.7,2.5,2,32.51
Male,88.4,1.93,158,65,1.68,1314.0,Yoga,12.4,3.5,3,23.73
Male,88.4,1.79,138,68,1.74,1321.0,Yoga,12.5,3.5,3,27.59
Female,53.3,1.74,156,54,1.37,962.0,Strength,32.2,1.8,2,17.6
Female,58.1,1.56,136,63,0.61,415.0,Yoga,34.4,2.2,1,23.87
Female,74.2,1.76,145,66,1.15,834.0,Strength,25.9,1.5,2,23.95
Male,84.6,1.63,141,52,1.01,705.0,HIIT,20.2,2.9,2,31.84
Male,78.0,1.92,127,53,0.72,453.0,Cardio,28.1,2.7,1,21.16
Male,89.0,1.68,152,65,1.77,1332.0,Yoga,10.5,3.5,3,31.53
Female,42.7,1.76,121,65,1.46,883.0,Strength,34.9,2.2,1,13.78
Male,83.9,1.82,149,70,1.9,1401.0,HIIT,13.1,3.5,3,25.33
Female,78.7,1.52,166,74,1.45,1204.0,Strength,31.5,2.3,2,34.06
Female,65.9,1.52,139,53,1.27,794.0,Cardio,27.0,2.3,2,28.52
Male,76.9,1.92,137,68,1.13,851.0,Yoga,22.4,3.7,2,20.86
Male,84.3,2.0,162,66,1.83,1467.0,HIIT,13.3,3.5,3,21.07
Female,62.4,1.6,129,62,1.1,710.0,Strength,34.1,1.7,2,24.37
Male,63.7,1.74,143,71,1.03,810.0,HIIT,29.8,2.7,2,21.04
Female,54.9,1.52,123,72,1.48,910.0,Strength,27.0,2.0,1,23.76
Male,76.4,1.79,156,73,1.17,1004.0,Strength,21.3,2.7,2,23.84
Male,106.4,1.86,123,50,1.34,907.0,Cardio,20.6,3.1,1,30.76
Female,68.4,1.5,132,61,1.37,904.0,Cardio,33.7,2.1,2,30.4
Male,63.5,1.86,144,53,1.36,969.0,Strength,22.9,2.9,2,18.35
Female,59.4,1.5,132,60,1.25,825.0,Yoga,25.0,2.0,2,26.4
Male,113.4,1.91,137,54,1.27,957.0,HIIT,22.2,3.7,1,31.08
Female,61.9,1.52,143,51,0.92,592.0,HIIT,28.4,2.6,1,26.79
Female,70.7,1.68,121,66,1.17,637.0,Cardio,34.9,1.9,2,25.05
Male,111.5,1.9,167,57,1.02,937.0,Yoga,25.2,2.2,1,30.89
Female,72.1,1.66,152,55,1.4,958.0,Strength,27.0,2.5,1,26.16
Male,56.9,1.87,138,70,0.61,463.0,Cardio,23.3,3.7,1,16.27
Male,86.2,1.9,128,58,1.91,1345.0,Strength,11.7,3.5,3,23.88
Male,59.4,1.68,147,62,1.16,844.0,Strength,20.2,2.5,2,21.05
Female,75.6,1.72,154,60,0.97,672.0,Cardio,26.4,1.9,1,25.55
Female,76.3,1.73,158,65,1.08,768.0,Yoga,32.0,2.6,1,25.49
Male,95.8,1.86,129,65,1.37,972.0,HIIT,21.2,3.2,1,27.69
Male,120.6,1.83,120,51,1.04,686.0,Cardio,22.3,2.5,2,36.01
Female,65.3,1.55,161,59,1.42,1143.0,Yoga,28.5,2.2,2,27.18
Male,85.3,1.89,140,61,0.77,593.0,Strength,27.6,3.6,1,23.88
Male,68.0,1.68,128,57,0.67,472.0,Cardio,25.8,3.4,1,24.09
Female,52.6,1.57,166,60,1.29,1071.0,HIIT,31.9,2.4,1,21.34
Male,63.3,1.77,134,59,1.32,876.0,HIIT,25.7,3.3,2,20.2
Female,76.3,1.65,154,62,1.14,878.0,Strength,31.8,1.7,2,28.03
Male,61.0,1.63,124,74,0.54,331.0,Cardio,20.0,3.4,1,22.96
Female,67.8,1.61,160,66,1.34,1072.0,HIIT,34.3,1.8,1,26.16
Male,114.9,1.86,141,56,1.36,949.0,Cardio,21.1,3.6,1,33.21
Male,88.0,1.71,160,73,1.87,1646.0,HIIT,12.0,3.5,3,30.09
Female,67.7,1.58,142,52,1.45,927.0,Strength,32.7,1.9,1,27.12
Male,124.8,1.85,126,69,1.35,842.0,Strength,24.4,3.5,2,36.46
Female,53.0,1.58,142,62,1.26,895.0,Cardio,34.5,1.8,2,21.23
Male,61.2,1.88,163,68,1.03,831.0,Yoga,24.7,2.9,1,17.32
Female,48.7,1.68,144,56,1.23,886.0,Yoga,33.7,1.6,1,17.25
Female,50.6,1.7,146,58,1.29,848.0,Strength,33.1,2.3,1,17.51
Female,72.6,1.73,160,68,1.27,1016.0,HIIT,34.8,2.5,2,24.26
Female,70.4,1.56,125,62,1.03,644.0,Yoga,34.3,2.4,2,28.93
Male,52.5,1.88,153,71,1.08,818.0,Strength,29.0,2.9,2,14.85
Male,76.3,1.77,128,57,1.36,957.0,HIIT,27.3,2.1,2,24.35
Female,41.2,1.58,168,71,1.47,1111.0,HIIT,28.7,2.6,1,16.5
Female,55.3,1.76,152,67,1.56,1186.0,Yoga,15.5,2.7,3,17.85
Female,49.7,1.67,125,72,1.38,776.0,Strength,31.9,2.3,2,17.82
Male,48.3,1.87,156,51,0.68,525.0,HIIT,29.8,3.3,1,13.81
Male,83.2,1.96,150,67,1.83,1510.0,HIIT,13.6,3.5,3,21.66
Male,120.5,1.73,153,67,1.01,850.0,Cardio,29.3,3.4,2,40.26
Male,121.6,2.0,160,60,1.24,1091.0,Cardio,28.0,3.3,2,30.4
Female,73.0,1.75,148,50,1.14,759.0,Yoga,26.6,2.0,2,23.84
Female,57.5,1.67,133,63,1.76,1053.0,Cardio,16.2,2.7,3,20.62
Female,42.7,1.53,155,65,1.41,983.0,Strength,28.4,2.4,2,18.24
Male,129.9,1.73,155,60,0.69,529.0,Yoga,21.7,3.1,1,43.4
Male,108.6,1.92,134,50,0.89,656.0,Yoga,25.8,3.5,1,29.46
Male,88.6,2.0,127,56,1.83,1150.0,Cardio,14.9,3.5,3,22.15
Female,49.7,1.51,145,65,1.25,906.0,HIIT,32.6,2.5,1,21.8
Female,56.4,1.54,155,63,1.06,822.0,Strength,29.2,1.5,1,23.78
Male,46.9,1.74,167,64,1.03,946.0,Strength,20.0,2.6,2,15.49
Female,71.3,1.67,140,63,1.46,1022.0,Strength,28.1,1.5,2,25.57
Male,71.6,1.86,147,70,1.14,830.0,Yoga,25.3,2.2,2,20.7
Male,82.3,1.61,123,60,1.87,1139.0,Strength,11.6,3.5,3,31.75
Female,70.6,1.69,135,65,1.36,826.0,HIIT,26.1,2.2,1,24.72
Male,109.8,1.62,141,68,0.84,651.0,HIIT,24.4,3.5,1,41.84
Female,73.5,1.69,131,66,0.54,354.0,Cardio,27.5,1.6,1,25.73
Male,85.6,1.85,135,55,1.78,1322.0,Strength,14.5,3.5,3,25.01
Female,74.6,1.68,159,60,1.03,737.0,Yoga,26.0,2.0,2,26.43
Female,63.2,1.8,157,66,0.59,463.0,Cardio,25.5,2.6,1,19.51
Female,62.6,1.63,161,58,1.67,1344.0,HIIT,15.0,2.7,3,23.56
Male,87.1,1.76,156,67,1.81,1398.0,Strength,11.6,3.5,3,28.12
Male,82.3,1.84,148,66,1.73,1408.0,HIIT,13.3,3.5,3,24.31
Female,64.3,1.78,137,61,1.71,1171.0,Cardio,18.7,2.7,3,20.29
Female,53.7,1.66,129,72,1.25,806.0,HIIT,29.5,2.5,1,19.49
Male,63.0,2.0,161,71,1.42,1257.0,Strength,26.8,2.9,2,15.75
Male,128.4,1.86,158,71,1.06,921.0,Strength,23.6,3.3,2,37.11
Male,88.0,1.89,137,54,1.75,1319.0,Cardio,13.3,3.5,3,24.64
Female,63.7,1.52,120,60,1.19,714.0,Strength,25.4,2.1,2,27.57
Male,83.7,1.87,158,53,1.29,1009.0,HIIT,23.9,2.3,2,23.94
Male,102.6,1.75,140,53,1.4,1078.0,HIIT,27.9,2.2,2,33.5
Female,77.7,1.55,120,52,0.55,330.0,Yoga,33.0,1.7,1,32.34
Male,87.5,1.88,134,73,1.19,789.0,Yoga,27.2,2.6,2,24.76
Male,87.0,1.86,123,72,1.52,1028.0,Yoga,11.0,3.5,3,25.15
Male,82.8,1.66,139,74,1.97,1355.0,HIIT,11.2,3.5,3,30.05
Female,65.4,1.68,129,66,0.76,441.0,HIIT,35.0,2.6,1,23.17
Female,47.2,1.71,142,56,0.89,632.0,Cardio,26.0,2.5,1,16.14
Female,58.2,1.7,160,53,0.95,684.0,Yoga,26.8,2.0,1,20.14
Female,73.5,1.55,153,72,1.17,806.0,HIIT,26.3,2.1,2,30.59
Female,55.2,1.73,165,62,1.67,1240.0,Cardio,16.6,2.7,3,18.44
Female,64.4,1.71,167,61,1.12,935.0,HIIT,27.1,1.8,1,22.02
Female,73.5,1.74,152,50,1.18,807.0,Cardio,30.0,2.3,2,24.28
Male,89.6,1.81,153,70,1.7,1287.0,Yoga,12.4,3.5,3,27.35
Male,86.5,1.76,158,68,1.48,1158.0,Yoga,29.0,3.4,2,27.92
Female,46.1,1.67,129,70,1.28,743.0,Yoga,25.3,1.8,2,16.53
Male,68.5,1.97,139,69,1.3,894.0,HIIT,23.2,2.1,2,17.65
Male,94.6,1.84,120,67,1.26,748.0,HIIT,26.0,3.1,2,27.94
Female,54.2,1.52,132,60,1.13,746.0,Cardio,31.0,2.2,1,23.46
Male,47.7,1.77,120,69,1.15,759.0,Strength,24.8,2.7,2,15.23
Male,52.2,1.84,124,52,1.38,847.0,Strength,28.2,3.1,2,15.42
Male,88.8,1.95,135,66,1.58,1173.0,Yoga,10.3,3.5,3,23.35
Male,101.0,1.68,134,61,1.46,1076.0,Strength,28.2,2.9,2,35.79
Male,118.4,1.95,168,59,1.06,881.0,Yoga,24.9,2.4,2,31.14
Female,47.9,1.72,147,57,1.41,933.0,Cardio,26.3,2.0,1,16.19
Female,51.5,1.74,150,64,1.08,810.0,Strength,33.9,2.0,2,17.01
Female,79.9,1.51,142,54,0.75,479.0,Strength,31.5,2.6,1,35.04
Male,121.3,1.85,167,53,0.72,661.0,Yoga,21.6,3.6,1,35.44
Female,78.9,1.64,164,70,1.28,1050.0,Cardio,25.3,2.6,2,29.34
Male,88.5,1.62,162,69,1.88,1675.0,Strength,10.7,3.5,3,33.72
Male,73.5,1.63,136,68,0.52,350.0,Strength,26.1,3.2,1,27.66
Male,127.9,1.93,168,70,1.27,1173.0,Strength,21.8,3.0,2,34.34
Male,88.5,1.98,153,53,1.8,1515.0,Cardio,11.1,3.5,3,22.57
Female,43.4,1.62,132,64,0.51,303.0,Cardio,25.3,2.3,1,16.54
Female,42.8,1.56,133,66,1.47,978.0,Strength,32.2,2.6,2,17.59
Male,64.5,1.79,130,61,1.17,753.0,Yoga,28.1,2.4,2,20.13
Female,50.7,1.53,147,52,1.29,948.0,Yoga,33.0,2.1,2,21.66
Male,59.2,1.66,161,59,1.3,1151.0,Strength,21.3,3.2,1,21.48
Female,78.9,1.73,151,64,1.38,938.0,Cardio,34.0,2.3,1,26.36
Female,78.7,1.63,154,59,1.1,847.0,Strength,31.7,1.8,2,29.62
Male,68.7,1.92,150,73,1.31,1081.0,Cardio,29.0,3.0,2,18.64
Female,53.1,1.59,136,72,0.82,502.0,Strength,29.5,2.5,1,21.0
Male,64.8,1.65,166,67,1.1,904.0,Cardio,24.4,2.8,2,23.8
Female,50.3,1.61,128,50,1.17,749.0,HIIT,32.8,2.5,1,19.41
Male,102.3,1.63,129,52,1.34,856.0,Yoga,20.9,2.6,2,38.5
Male,62.9,1.92,127,70,1.13,789.0,HIIT,25.2,3.6,1,17.06
Female,56.5,1.6,140,61,1.88,1184.0,Yoga,19.2,2.7,3,22.07
Female,74.6,1.55,132,50,0.71,422.0,Cardio,33.3,2.1,1,31.05
Male,52.0,1.79,169,52,1.12,937.0,HIIT,29.6,3.0,1,16.23
Female,52.1,1.67,124,52,1.5,837.0,Yoga,32.0,1.5,1,18.68
Female,72.2,1.54,125,54,0.97,606.0,Strength,27.1,1.7,1,30.44
Male,85.8,1.8,149,68,1.72,1410.0,Cardio,10.1,3.5,3,26.48
Male,81.4,1.85,150,74,1.6,1320.0,Cardio,12.4,3.5,3,23.78
Female,50.9,1.65,136,50,1.45,887.0,Strength,30.1,2.3,1,18.7
Male,52.0,1.78,130,53,1.38,987.0,Strength,22.4,2.7,2,16.41
Male,71.0,1.93,139,53,1.42,1086.0,Yoga,21.2,2.9,2,19.06
Male,80.6,1.77,167,66,1.51,1248.0,Cardio,12.9,3.5,3,25.73
Female,58.3,1.72,128,63,1.0,640.0,Yoga,32.6,1.6,2,19.71
Female,63.0,1.7,121,67,1.32,719.0,Strength,34.9,2.5,1,21.8
Male,111.0,1.94,156,50,1.02,875.0,Cardio,27.6,3.3,2,29.49
Female,52.6,1.66,120,71,1.27,762.0,Strength,32.9,1.7,2,19.09
Male,116.4,2.0,123,65,1.13,688.0,Yoga,26.2,3.1,1,29.1
Female,75.6,1.61,155,52,1.41,983.0,Yoga,34.9,2.5,2,29.17
Male,61.6,1.8,144,72,1.48,1172.0,Yoga,26.4,3.1,1,19.01
Male,108.0,1.8,122,70,1.38,926.0,Cardio,28.6,2.5,2,33.33
Female,59.3,1.75,128,58,0.99,634.0,Strength,34.5,2.3,1,19.36
Male,75.7,1.94,141,72,1.18,915.0,Strength,29.3,2.4,2,20.11
Female,56.3,1.6,142,53,1.21,859.0,Yoga,28.8,1.9,2,21.99
Female,58.2,1.73,131,70,1.17,766.0,Yoga,25.8,1.8,2,19.45
Male,55.7,1.68,129,54,1.13,802.0,Yoga,21.7,2.9,1,19.73
Male,125.9,1.67,153,60,1.46,1229.0,Yoga,20.6,2.2,2,45.14
Female,62.7,1.67,162,70,1.02,826.0,HIIT,26.1,2.6,2,22.48
Male,86.6,1.86,129,58,1.37,972.0,HIIT,21.8,2.6,2,25.03
Male,64.5,1.82,149,52,1.2,983.0,HIIT,23.4,2.4,2,19.47
Male,76.6,1.86,141,55,1.14,796.0,Yoga,25.4,2.8,2,22.14
Male,81.4,1.83,125,73,1.98,1225.0,Yoga,13.6,3.5,3,24.31
Male,60.7,1.71,169,60,1.14,954.0,Strength,22.1,2.5,1,20.76
Female,57.2,1.55,121,58,1.67,909.0,Cardio,18.4,2.7,3,23.81
Female,73.0,1.59,149,64,1.19,798.0,Strength,32.0,2.1,2,28.88
Male,123.8,1.99,121,72,1.13,752.0,HIIT,25.6,2.6,1,31.26
Male,93.6,1.66,151,52,1.37,1024.0,Strength,29.0,2.2,1,33.97
Male,76.8,1.92,161,50,1.24,988.0,Yoga,21.1,2.5,1,20.83
Female,54.7,1.53,135,69,1.11,674.0,HIIT,26.8,2.0,2,23.37
Male,92.3,1.94,131,71,1.14,821.0,HIIT,24.3,2.1,2,24.52
Female,71.8,1.55,120,68,1.2,720.0,Cardio,26.3,2.4,2,29.89
Female,66.9,1.57,127,63,1.07,679.0,Cardio,30.7,2.2,2,27.14
Female,48.7,1.76,167,66,1.37,1144.0,HIIT,29.0,2.2,2,15.72
Male,66.2,1.71,169,71,1.42,1188.0,HIIT,22.8,2.9,1,22.64
Female,40.0,1.76,132,63,0.8,475.0,Strength,26.7,2.2,1,12.91
Male,112.4,1.85,134,66,1.18,870.0,HIIT,23.4,3.6,2,32.84
Female,70.0,1.55,163,74,0.85,693.0,Yoga,31.1,1.5,1,29.14
Male,84.0,1.74,127,63,1.45,1013.0,Strength,25.8,2.1,1,27.74
Female,43.8,1.65,129,61,1.29,749.0,Yoga,26.6,1.7,2,16.09
Male,123.3,1.62,165,65,1.34,1216.0,Yoga,21.2,2.3,2,46.98
Female,57.9,1.56,124,50,1.8,1116.0,Yoga,15.1,2.7,3,23.79
Male,82.4,1.96,169,62,1.9,1766.0,HIIT,10.1,3.5,3,21.45
Male,84.8,1.79,138,55,1.35,1025.0,Cardio,28.8,2.3,2,26.47
Male,109.6,1.66,166,66,1.29,1060.0,Cardio,20.5,3.1,2,39.77
Male,86.4,1.77,157,61,1.0,777.0,Yoga,27.3,2.8,2,27.58
Female,63.9,1.8,130,72,1.07,626.0,HIIT,33.7,2.7,2,19.72
Female,70.8,1.62,162,68,0.54,394.0,Strength,26.0,1.8,1,26.98
Male,115.3,1.67,139,55,1.38,950.0,Yoga,24.4,2.5,2,41.34
Female,55.3,1.56,139,56,1.71,1188.0,Strength,19.8,2.7,3,22.72
Male,73.9,1.8,140,50,1.36,942.0,Strength,28.3,3.7,1,22.81
Male,97.3,1.96,137,50,1.36,1025.0,HIIT,24.9,3.4,2,25.33
Female,60.4,1.65,169,54,1.27,966.0,HIIT,32.6,2.1,2,22.19
Male,49.3,1.61,129,55,1.36,868.0,Cardio,28.3,2.9,1,19.02
Male,91.8,1.78,153,65,1.44,1091.0,Cardio,23.5,3.4,1,28.97
Female,73.6,1.55,145,74,0.89,581.0,HIIT,33.9,2.1,1,30.63
Male,47.1,1.78,149,65,1.26,929.0,Yoga,24.7,2.4,1,14.87
Male,65.2,1.62,128,63,0.58,408.0,Cardio,25.3,3.4,1,24.84
Male,87.2,1.64,165,50,2.0,1634.0,Strength,15.0,3.5,3,32.42
Male,96.7,1.71,150,62,0.57,423.0,Yoga,28.4,2.9,1,33.07
Female,46.9,1.61,161,69,1.02,821.0,Strength,28.6,1.7,2,18.09
Female,72.1,1.62,123,59,1.38,849.0,HIIT,25.1,2.1,1,27.47
Female,62.5,1.54,125,73,1.61,906.0,Strength,18.1,2.7,3,26.35
Male,110.7,1.69,133,59,1.06,775.0,Yoga,27.0,2.7,1,38.76
Male,102.6,1.83,123,58,1.41,954.0,HIIT,26.5,3.5,2,30.64
Female,64.3,1.62,145,62,1.76,1276.0,Yoga,19.8,2.7,3,24.5
Male,80.7,1.61,166,52,1.75,1598.0,Strength,14.3,3.5,3,31.13
Male,115.3,1.81,167,67,1.36,1249.0,Yoga,24.5,2.2,1,35.19
Male,87.8,1.69,158,69,1.81,1573.0,HIIT,10.3,3.5,3,30.74
Male,74.3,1.61,136,51,1.06,714.0,Strength,24.8,3.5,2,28.66
Female,78.5,1.7,138,66,1.36,938.0,Strength,31.9,2.1,2,27.16
Female,77.3,1.58,168,68,0.97,733.0,Cardio,31.1,2.0,1,30.96
Female,64.5,1.7,125,72,0.51,319.0,Cardio,30.4,1.7,1,22.32
Male,72.0,1.94,148,62,1.17,952.0,Yoga,24.7,3.2,2,19.13
Female,77.9,1.77,130,62,1.41,916.0,Cardio,27.9,2.6,2,24.87
Female,69.6,1.58,135,50,1.49,1006.0,Cardio,27.8,2.0,2,27.88
Male,68.9,1.99,149,51,1.16,951.0,Cardio,25.0,2.4,2,17.4
Male,45.9,1.89,144,50,1.45,1148.0,Cardio,21.6,2.9,2,12.85
Female,68.2,1.69,159,73,0.75,537.0,HIIT,28.4,2.5,1,23.88
Female,79.6,1.59,130,54,1.49,968.0,HIIT,28.2,1.5,2,31.49
Female,53.6,1.52,126,73,1.02,643.0,Cardio,30.9,2.3,1,23.2
Female,57.7,1.58,145,52,1.36,986.0,Yoga,25.7,2.2,2,23.11
Male,74.2,1.93,141,56,1.32,1024.0,HIIT,28.3,2.5,2,19.92
Female,64.4,1.56,144,73,1.52,985.0,Cardio,17.8,2.7,3,26.46
Female,54.9,1.78,138,71,0.55,380.0,HIIT,31.7,2.0,1,17.33
Male,50.3,1.64,150,62,0.63,468.0,Strength,27.0,2.4,1,18.7
Female,46.5,1.68,145,72,0.91,660.0,HIIT,27.9,2.4,1,16.48
Male,57.8,1.99,161,67,0.93,741.0,HIIT,24.7,3.1,1,14.6
Male,83.0,1.8,160,73,0.79,695.0,Yoga,29.6,2.9,1,25.62
Male,82.5,1.79,155,70,1.51,1159.0,HIIT,13.8,3.5,3,25.75
Female,66.5,1.73,142,56,1.11,709.0,Yoga,34.7,2.0,1,22.22
Female,70.2,1.67,166,50,0.93,695.0,Strength,32.5,1.8,1,25.17
Male,121.9,1.93,132,54,1.49,1082.0,Cardio,21.8,3.4,2,32.73
Female,70.3,1.52,144,66,1.19,857.0,Yoga,25.6,2.0,2,30.43
Female,40.3,1.56,121,57,1.45,877.0,HIIT,30.8,2.1,2,16.56
Male,101.4,1.76,121,64,0.84,559.0,HIIT,23.6,2.9,1,32.74
Male,79.2,1.95,135,69,1.47,982.0,Yoga,22.8,2.8,2,20.83
Female,75.8,1.77,128,53,1.46,841.0,Strength,33.1,1.8,1,24.19
Male,71.7,1.88,147,51,0.55,445.0,Cardio,23.7,2.2,1,20.29
Female,57.7,1.56,132,54,1.64,1082.0,HIIT,16.6,2.7,3,23.71
Female,47.4,1.6,154,50,0.76,585.0,Strength,33.5,1.6,1,18.52
Female,57.2,1.75,160,74,1.29,1032.0,Cardio,33.5,2.4,2,18.68
Female,44.8,1.72,132,54,1.48,977.0,Cardio,28.6,1.8,2,15.14
Male,90.2,1.72,150,55,0.9,668.0,HIIT,28.3,2.1,1,30.49
Male,84.9,1.72,140,51,1.79,1378.0,Yoga,14.3,3.5,3,28.7
Male,95.7,1.77,151,50,1.08,807.0,HIIT,24.2,3.4,1,30.55
Male,59.0,1.65,153,53,1.22,924.0,HIIT,20.7,2.3,2,21.67
Female,60.5,1.77,127,56,1.72,1092.0,HIIT,15.0,2.7,3,19.31
Female,53.8,1.72,160,71,1.03,742.0,Strength,30.2,2.3,2,18.19
Male,86.6,1.97,167,50,1.66,1372.0,Yoga,11.7,3.5,3,22.31
Female,72.8,1.67,121,50,1.37,829.0,Strength,35.0,1.9,1,26.1
Female,66.3,1.77,157,57,1.48,1046.0,HIIT,32.7,1.7,2,21.16
Female,56.0,1.6,151,69,0.89,672.0,Yoga,32.6,2.0,1,21.87
Male,45.9,1.93,159,65,1.29,1015.0,Cardio,29.6,2.0,2,12.32
Male,88.0,1.64,147,70,1.9,1536.0,Yoga,14.4,3.5,3,32.72
Male,94.0,1.79,156,62,1.31,1012.0,HIIT,23.2,3.4,1,29.34
Female,44.7,1.79,160,72,1.34,965.0,Yoga,26.7,2.1,2,13.95
Male,63.2,1.63,120,73,0.66,436.0,Cardio,27.5,2.2,1,23.79
Male,95.6,1.9,160,72,1.47,1294.0,Cardio,23.8,2.4,2,26.48
Male,47.8,1.86,129,67,1.01,645.0,Yoga,24.7,2.8,2,13.82
Male,85.3,1.64,123,69,1.77,1197.0,Cardio,13.2,3.5,3,31.71
Male,59.7,1.83,154,59,1.35,1143.0,Strength,29.1,2.3,2,17.83
Male,70.2,1.98,129,61,0.71,504.0,Yoga,24.2,2.5,1,17.91
Female,72.7,1.8,166,50,0.79,590.0,Cardio,32.8,2.1,1,22.44
Female,50.4,1.79,130,59,0.74,433.0,Cardio,27.7,2.5,1,15.73
Male,81.7,1.74,133,58,0.91,666.0,Yoga,27.0,2.7,1,26.99
Male,49.3,1.62,157,52,0.56,484.0,Strength,20.0,3.2,1,18.79
Female,61.9,1.64,131,68,1.93,1138.0,Yoga,19.4,2.7,3,23.01
Female,49.1,1.68,164,58,1.42,1164.0,Cardio,25.3,2.6,2,17.4
Male,66.5,1.83,136,59,1.11,747.0,Yoga,27.1,2.4,2,19.86
Male,75.5,1.93,135,68,0.6,446.0,Cardio,20.5,3.4,1,20.27
Male,88.2,1.79,154,65,1.76,1491.0,HIIT,11.3,3.5,3,27.53
Male,74.8,1.75,121,73,1.33,885.0,Yoga,25.0,3.3,2,24.42
Female,72.2,1.6,130,67,0.87,566.0,Yoga,29.2,1.9,1,28.2
Male,62.8,1.63,160,63,1.41,1241.0,Cardio,21.9,3.7,2,23.64
Male,84.7,1.79,122,52,1.19,719.0,Cardio,23.3,2.4,2,26.43
Male,116.5,1.69,148,51,0.53,388.0,Cardio,27.3,2.4,1,40.79
Male,77.4,1.92,137,50,1.39,1047.0,Cardio,26.7,3.3,2,21.0
Female,72.9,1.62,139,67,1.17,732.0,Yoga,25.7,2.0,2,27.78
Female,58.4,1.59,166,73,1.08,807.0,Cardio,32.5,1.9,1,23.1
Female,64.3,1.54,133,58,1.67,999.0,Yoga,15.3,2.7,3,27.11
Male,89.3,1.87,153,62,1.62,1363.0,Strength,12.7,3.5,3,25.54
Male,90.2,1.61,168,51,1.38,1148.0,Yoga,22.6,2.3,2,34.8
Female,59.0,1.62,150,56,1.13,847.0,Cardio,30.9,2.4,2,22.48
Male,58.7,1.86,159,65,1.09,858.0,Cardio,22.6,3.3,2,16.97
Male,127.5,1.82,161,70,1.26,1116.0,Strength,29.8,3.0,2,38.49
Female,68.6,1.52,137,68,1.42,875.0,Yoga,28.1,2.6,2,29.69
Female,56.7,1.53,149,74,1.07,717.0,Strength,27.4,1.9,1,24.22
Female,64.5,1.78,144,64,1.33,958.0,Yoga,27.8,1.8,2,20.36
Female,61.6,1.52,138,71,1.78,1228.0,Cardio,19.5,2.7,3,26.66
Male,75.1,1.82,127,60,1.23,859.0,Yoga,26.4,3.2,2,22.67
Male,79.3,1.93,147,50,1.22,888.0,Cardio,27.3,3.3,1,21.29
Female,72.6,1.68,127,70,1.19,756.0,Cardio,34.2,1.8,2,25.72
Male,76.7,1.7,150,56,0.96,792.0,HIIT,29.1,2.1,1,26.54
Female,44.2,1.61,122,69,1.08,659.0,HIIT,32.4,2.5,1,17.05
Female,56.5,1.7,122,57,0.74,406.0,Yoga,27.0,2.7,1,19.55
Male,100.9,1.63,163,59,1.1,986.0,Cardio,28.4,3.1,1,37.98
Female,55.8,1.55,141,54,1.12,711.0,Strength,27.0,1.8,2,23.23
Male,58.3,1.93,136,58,1.35,1010.0,Cardio,27.4,3.7,2,15.65
Male,48.6,1.77,155,74,1.47,1128.0,Strength,26.9,3.5,1,15.51
Male,81.7,1.95,136,74,1.94,1451.0,Yoga,13.8,3.5,3,21.49
Male,85.6,1.69,133,50,1.76,1159.0,Yoga,12.7,3.5,3,29.97
Female,60.0,1.72,128,51,1.63,1043.0,Strength,18.2,2.7,3,20.28
Male,126.4,1.69,149,68,1.24,915.0,Strength,29.5,2.9,1,44.26
Female,75.4,1.78,140,63,1.05,662.0,Cardio,26.0,2.5,2,23.8
Female,64.2,1.69,131,69,1.69,996.0,Yoga,16.5,2.7,3,22.48
Female,65.2,1.62,156,59,1.37,1069.0,Cardio,31.1,2.5,2,24.84
Female,70.1,1.66,151,58,0.99,673.0,Strength,34.6,2.6,1,25.44
Male,102.6,1.77,130,59,1.21,779.0,HIIT,21.0,3.4,1,32.75
Male,107.2,1.93,139,55,1.15,879.0,HIIT,20.2,3.1,2,28.78
Female,56.5,1.75,154,66,1.76,1220.0,HIIT,15.3,2.7,3,18.45
Female,61.6,1.75,166,74,1.22,911.0,Strength,25.5,2.2,2,20.11
Male,81.7,1.75,165,55,1.32,1198.0,Cardio,29.1,2.8,2,26.68
Female,76.6,1.58,130,53,0.74,481.0,Yoga,32.2,2.3,1,30.68
Male,116.8,1.79,127,69,1.0,698.0,Strength,26.8,3.4,2,36.45
Female,60.1,1.59,123,52,1.8,1107.0,HIIT,17.6,2.7,3,23.77
Male,93.7,1.73,146,72,1.0,803.0,Cardio,27.8,3.6,1,31.31
Female,41.6,1.58,163,68,1.03,756.0,Yoga,26.6,2.1,2,16.66
Female,55.1,1.79,159,67,1.99,1582.0,Yoga,17.0,2.7,3,17.2
Male,127.1,1.76,157,73,0.71,552.0,Strength,24.9,3.0,1,41.03
Female,69.1,1.6,166,53,1.34,1001.0,Strength,26.1,2.0,2,26.99
Female,66.8,1.74,149,57,1.34,898.0,Yoga,29.2,2.3,1,22.06
Male,125.5,1.76,163,66,1.15,1031.0,Yoga,23.2,3.1,2,40.52
Female,71.3,1.58,167,54,1.07,893.0,HIIT,25.4,1.5,2,28.56
Male,129.2,1.61,167,62,1.06,876.0,Yoga,21.4,2.9,2,49.84
Male,96.3,1.86,146,74,1.1,795.0,Strength,27.6,2.2,2,27.84
Female,67.5,1.54,140,50,0.72,454.0,Cardio,25.2,1.5,1,28.46
Female,64.4,1.55,139,62,1.77,1107.0,HIIT,19.7,2.7,3,26.81
Female,64.9,1.57,123,53,1.04,576.0,HIIT,25.9,2.4,2,26.33
Female,52.3,1.66,130,71,0.74,433.0,Yoga,33.0,1.8,1,18.98
Female,56.7,1.55,132,73,1.38,911.0,Cardio,34.0,1.9,2,23.6
Female,46.8,1.63,128,63,1.35,864.0,HIIT,34.4,1.6,2,17.61
Female,70.3,1.77,123,52,1.01,621.0,Strength,33.7,1.7,1,22.44
Male,80.8,1.76,131,54,1.7,1102.0,Yoga,11.4,3.5,3,26.08
Female,56.0,1.5,128,56,1.94,1242.0,Strength,16.7,2.7,3,24.89
Male,101.2,1.84,132,50,1.3,944.0,Yoga,24.3,3.3,1,29.89
Female,56.6,1.57,167,72,1.65,1378.0,HIIT,15.7,2.7,3,22.96
Female,40.9,1.75,145,61,0.82,594.0,Yoga,25.2,2.1,1,13.36
Male,127.8,1.65,157,60,0.77,598.0,Cardio,28.7,3.5,1,46.94
Female,49.3,1.76,161,73,1.28,927.0,Strength,30.5,2.0,1,15.92
Female,64.3,1.63,132,57,1.87,1234.0,Cardio,18.0,2.7,3,24.2
Male,49.3,1.62,158,74,1.18,1025.0,Strength,29.3,2.5,2,18.79
Female,63.0,1.62,147,55,0.68,500.0,Strength,31.7,1.9,1,24.01
Female,41.1,1.67,138,71,1.03,711.0,Yoga,31.9,2.4,2,14.74
Female,40.5,1.74,143,51,1.5,965.0,HIIT,32.9,2.2,2,13.38
Male,71.0,1.62,138,68,0.91,691.0,HIIT,21.2,3.5,1,27.05
Female,60.9,1.62,168,69,1.59,1336.0,Cardio,16.8,2.7,3,23.21
Female,64.7,1.66,132,69,1.88,1117.0,Yoga,19.8,2.7,3,23.48
Female,51.0,1.71,132,73,1.07,706.0,HIIT,34.2,2.2,2,17.44
Female,57.7,1.77,147,63,1.65,1213.0,Strength,19.4,2.7,3,18.42
Male,76.9,1.82,121,50,1.49,992.0,Strength,24.5,2.8,2,23.22
Male,80.5,1.77,129,59,1.85,1181.0,Yoga,14.3,3.5,3,25.7
Female,73.3,1.74,141,65,1.03,726.0,Cardio,25.5,2.4,2,24.21
Female,49.0,1.57,132,53,1.33,878.0,Yoga,26.5,2.6,2,19.88
Male,114.5,1.97,128,60,1.03,725.0,Cardio,24.1,2.6,1,29.5
Male,81.0,1.78,152,65,1.58,1189.0,Yoga,12.4,3.5,3,25.56
Female,53.5,1.76,133,69,1.22,811.0,Strength,27.6,1.8,2,17.27
Male,52.1,1.68,167,50,0.77,637.0,Yoga,23.6,3.0,1,18.46
Female,70.1,1.52,139,65,0.76,475.0,HIIT,26.6,2.1,1,30.34
Male,86.9,1.78,134,68,1.29,951.0,HIIT,24.9,3.7,2,27.43
Male,73.4,1.76,151,70,1.09,815.0,Yoga,27.9,2.8,2,23.7
Male,90.0,1.66,152,71,1.32,1104.0,Cardio,26.6,2.1,2,32.66
Male,85.7,1.92,136,58,1.72,1287.0,Cardio,10.5,3.5,3,23.25
Female,70.4,1.55,143,58,0.73,470.0,Strength,29.9,2.7,1,29.3
Male,57.7,1.71,149,58,1.15,942.0,Strength,27.0,3.4,2,19.73
Male,75.7,1.76,132,66,0.68,494.0,Cardio,25.3,2.3,1,24.44
Female,61.8,1.52,166,61,1.83,1519.0,Yoga,17.0,2.7,3,26.75
Male,80.3,1.76,167,74,1.63,1497.0,Strength,13.1,3.5,3,25.92
Male,104.3,1.68,135,62,1.28,950.0,Cardio,29.7,3.5,2,36.95
Female,65.7,1.58,121,57,1.46,883.0,Cardio,25.9,1.9,2,26.32
Male,120.3,1.96,136,65,0.66,494.0,Yoga,23.9,2.6,1,31.32
Female,51.9,1.57,151,67,1.05,713.0,HIIT,29.1,2.6,2,21.06
Female,59.1,1.57,162,50,1.65,1336.0,Cardio,17.9,2.7,3,23.98
Female,66.9,1.75,127,50,1.38,876.0,Strength,26.5,2.1,2,21.84
Female,66.9,1.75,122,61,0.94,573.0,Yoga,26.8,1.7,1,21.84
Male,78.7,1.66,131,55,1.42,921.0,Yoga,22.9,2.6,2,28.56
Female,62.4,1.61,139,58,1.88,1307.0,Yoga,19.8,2.7,3,24.07
Male,102.1,1.71,135,72,0.96,713.0,HIIT,27.3,3.2,1,34.92
Male,51.9,2.0,133,54,0.75,549.0,HIIT,26.6,2.3,1,12.97
Male,58.3,2.0,135,65,1.32,980.0,Strength,28.2,3.0,2,14.57
Male,89.8,1.92,168,67,1.93,1783.0,Strength,10.6,3.5,3,24.36
Male,101.1,1.83,162,66,0.79,634.0,Yoga,28.6,3.2,1,30.19
Male,118.6,1.72,168,67,0.77,640.0,Strength,25.9,2.6,1,40.09
Male,84.8,1.85,152,50,1.19,895.0,Cardio,23.4,3.2,1,24.78
Male,80.0,1.77,149,68,0.72,531.0,HIIT,28.2,3.5,1,25.54
Male,73.1,1.83,131,71,1.05,681.0,Yoga,28.0,2.8,2,21.83
Male,117.3,1.68,134,57,1.24,914.0,Yoga,28.5,2.7,2,41.56
Female,77.4,1.71,137,52,1.26,863.0,Cardio,26.2,1.8,2,26.47
Female,72.9,1.67,147,74,1.13,831.0,Cardio,34.7,2.2,2,26.14
Female,71.2,1.5,142,54,1.15,816.0,Cardio,34.6,2.6,1,31.64
Male,88.2,1.62,133,72,1.56,1027.0,Cardio,11.8,3.5,3,33.61
Female,75.6,1.8,149,57,1.31,976.0,Yoga,25.7,1.9,2,23.33
Female,57.9,1.56,152,68,1.66,1135.0,HIIT,15.8,2.7,3,23.79
Female,70.6,1.58,164,67,1.02,753.0,HIIT,34.9,2.0,2,28.28
Male,118.6,1.64,134,67,0.94,693.0,Cardio,25.6,2.7,1,44.1
Male,55.7,1.99,126,70,1.13,705.0,Strength,23.6,3.0,2,14.07
Male,102.3,1.94,134,50,0.89,656.0,Yoga,22.9,2.4,1,27.18
Male,72.6,1.87,161,64,1.31,1044.0,HIIT,22.6,3.4,2,20.76
Female,63.8,1.68,165,67,0.95,784.0,Cardio,31.6,1.9,1,22.6
Female,67.3,1.67,157,74,0.61,479.0,Strength,29.2,2.3,1,24.13
Female,59.3,1.58,165,56,1.97,1463.0,Strength,19.8,2.7,3,23.75
Female,70.7,1.57,163,65,1.14,836.0,Cardio,31.8,2.1,1,28.68
Male,86.9,1.69,130,65,1.72,1230.0,Yoga,14.0,3.5,3,30.43
Male,98.2,1.9,148,64,0.76,557.0,HIIT,22.9,3.0,1,27.2
Male,63.6,1.62,150,55,1.3,965.0,Strength,20.8,2.3,2,24.23
Female,45.2,1.68,144,58,1.01,727.0,HIIT,29.9,2.4,2,16.01
Male,117.2,1.62,143,56,1.04,736.0,HIIT,23.1,2.3,2,44.66
Male,107.4,1.74,138,63,1.34,1017.0,Strength,22.0,2.2,1,35.47
Female,59.1,1.78,121,60,0.85,514.0,Cardio,34.5,2.2,1,18.65
Female,53.3,1.64,141,70,0.57,402.0,Strength,29.4,2.4,1,19.82
Male,46.2,1.63,139,65,1.18,812.0,Strength,21.7,2.1,1,17.39
Male,67.0,1.61,152,74,1.32,1104.0,Yoga,22.0,2.1,2,25.85
Male,86.3,1.77,127,55,1.77,1113.0,HIIT,11.4,3.5,3,27.55
Male,85.5,1.67,144,71,1.99,1418.0,Cardio,15.0,3.5,3,30.66
Male,70.2,1.87,165,65,1.38,1127.0,HIIT,22.7,3.4,2,20.07
Male,127.1,1.62,128,69,1.02,718.0,Strength,23.3,3.4,2,48.43
Female,75.6,1.67,153,65,1.05,723.0,Cardio,31.6,1.8,2,27.11
Female,62.6,1.65,142,61,1.2,852.0,Cardio,27.9,2.2,1,22.99
Female,55.7,1.53,124,66,1.91,1066.0,Cardio,16.1,2.7,3,23.79
Male,96.1,1.74,144,54,1.21,862.0,Cardio,21.6,2.8,2,31.74
Female,76.7,1.62,127,74,1.39,883.0,Yoga,28.1,2.3,2,29.23
Male,57.2,1.89,135,62,1.14,762.0,Cardio,21.1,3.5,1,16.01
Male,69.9,1.81,167,57,1.2,992.0,Strength,20.2,2.1,2,21.34
Female,67.9,1.77,164,73,1.03,760.0,Yoga,33.0,2.4,2,21.67
Male,87.9,1.87,134,54,1.96,1445.0,Strength,10.7,3.5,3,25.14
Male,102.8,1.98,120,61,1.24,818.0,Strength,27.8,2.8,2,26.22
Female,51.8,1.5,141,58,1.32,838.0,HIIT,33.0,2.2,1,23.02
Female,57.7,1.57,122,52,1.83,1005.0,Cardio,17.7,2.7,3,23.41
Female,66.5,1.69,157,52,0.81,636.0,Cardio,28.1,2.3,1,23.28
Male,95.4,1.61,133,50,1.16,764.0,Strength,21.5,3.6,2,36.8
Female,69.2,1.6,155,74,1.17,907.0,Cardio,32.4,1.6,1,27.03
Female,66.6,1.67,137,71,1.02,699.0,Yoga,31.0,1.5,2,23.88
Male,83.4,1.65,166,67,1.57,1290.0,HIIT,13.3,3.5,3,30.63
Female,43.8,1.75,160,73,1.39,1001.0,Cardio,25.1,1.7,1,14.3
Female,64.2,1.69,137,61,1.99,1227.0,Cardio,19.6,2.7,3,22.48
Female,44.1,1.62,122,58,0.58,354.0,Yoga,25.7,2.7,1,16.8
Male,87.3,1.91,129,58,1.87,1327.0,HIIT,11.8,3.5,3,23.93
Male,55.0,1.6,168,67,1.12,1035.0,Yoga,24.0,3.2,2,21.48
Male,87.1,1.74,158,67,1.57,1364.0,Strength,10.0,3.5,3,28.77
Male,66.6,1.61,166,56,1.38,1260.0,Strength,25.0,3.0,1,25.69
Female,60.4,1.76,120,53,1.72,929.0,Cardio,18.8,2.7,3,19.5
Male,126.4,1.83,146,62,1.1,883.0,HIIT,28.2,2.1,2,37.74
Male,88.7,1.63,146,66,0.75,542.0,Strength,28.8,3.5,1,33.38
