Age,Weight (kg),Height (m),Max_BPM,Resting_BPM,Session_Duration (hours),Calories_Burned,Workout_Type,Fat_Percentage,Water_Intake (liters),Workout_Frequency (days/week),Experience_Level,BMI
56,88.3,1.71,180,60,1.69,1313.0,Yoga,12.6,3.5,4,3,30.2
46,74.9,1.53,179,66,1.3,883.0,HIIT,33.9,2.1,4,2,32.0
32,68.1,1.66,167,54,1.11,677.0,Cardio,33.4,2.3,4,2,24.71
25,53.2,1.7,190,56,0.59,532.0,Strength,28.8,2.1,3,1,18.41
38,46.1,1.79,188,68,0.64,556.0,Strength,29.2,2.8,3,1,14.39
56,58.0,1.68,168,74,1.59,1116.0,HIIT,15.5,2.7,5,3,20.55
36,70.3,1.72,174,73,1.49,1385.0,Cardio,21.3,2.3,3,2,23.76
40,69.7,1.51,189,64,1.27,895.0,Cardio,30.6,1.9,3,2,30.57
28,121.7,1.94,185,52,1.03,719.0,Strength,28.9,2.6,4,2,32.34
28,101.8,1.84,169,64,1.08,808.0,Cardio,29.7,2.7,3,1,30.07
41,120.8,1.67,188,54,0.82,593.0,HIIT,20.5,3.0,2,1,43.31
53,51.7,1.7,175,72,1.15,865.0,HIIT,23.6,3.5,3,2,17.89
57,112.5,1.61,195,61,1.24,1013.0,Cardio,22.1,2.7,3,2,43.4
41,94.5,2.0,179,69,1.18,794.0,HIIT,27.6,3.7,3,1,23.62
20,117.7,1.81,196,54,1.35,1195.0,Yoga,26.4,3.3,3,2,35.93
39,42.5,1.75,181,52,1.13,740.0,Strength,26.2,2.1,2,1,13.88
19,64.0,1.53,166,58,1.33,1111.0,HIIT,29.8,2.3,3,2,27.34
41,43.8,1.77,182,58,1.19,884.0,Cardio,31.9,1.6,3,1,13.98
47,66.8,1.75,199,56,1.13,742.0,Strength,32.8,2.5,3,2,21.81
55,75.2,1.67,188,51,1.37,1030.0,HIIT,25.2,2.2,2,1,26.96
19,89.0,1.77,175,72,1.5,1048.0,Strength,28.9,3.7,4,2,28.41
38,71.9,1.77,197,72,1.12,875.0,Cardio,25.7,3.1,2,1,22.95
50,71.0,1.68,187,70,1.17,848.0,Yoga,33.1,2.5,2,1,25.16
29,120.9,1.78,197,65,0.78,721.0,Yoga,28.1,3.4,2,1,38.16
39,64.3,1.69,190,58,1.25,925.0,HIIT,26.9,1.9,4,2,22.51
42,63.7,1.71,173,62,1.42,1080.0,Yoga,26.1,1.8,3,2,21.78
44,65.2,1.8,192,68,0.73,502.0,HIIT,27.2,2.7,2,1,20.12
59,53.9,1.75,168,69,1.48,989.0,Strength,21.6,2.8,4,2,17.6
45,84.9,1.86,186,66,1.64,1104.0,HIIT,14.2,3.5,5,3,24.54
33,78.0,1.68,183,55,1.29,871.0,HIIT,32.3,1.8,3,2,27.64
32,108.2,1.8,172,53,1.27,964.0,HIIT,28.4,3.5,3,1,33.4
20,65.4,1.52,185,50,1.03,654.0,Yoga,28.0,2.2,4,2,28.31
54,50.2,1.61,188,67,1.48,1046.0,HIIT,28.2,2.7,2,1,19.37
24,58.9,1.51,187,68,1.04,816.0,Cardio,31.7,2.5,2,1,25.83
38,81.4,1.71,187,58,1.52,1237.0,HIIT,10.2,3.5,5,3,27.84
26,127.6,1.73,167,62,1.32,1162.0,Strength,27.3,2.9,3,1,42.63
56,59.3,1.56,182,57,1.26,879.0,Cardio,33.4,2.6,4,2,24.37
35,96.9,1.71,188,72,1.34,1069.0,Strength,24.2,2.9,3,2,33.14
21,62.6,1.81,164,62,1.3,1072.0,Strength,27.6,3.5,4,2,19.11
42,45.5,1.6,166,64,1.31,1057.0,Strength,21.7,2.6,3,2,17.77
31,48.8,1.51,195,60,1.48,969.0,Cardio,28.2,2.0,2,1,21.4
26,44.3,1.6,186,61,1.08,734.0,Cardio,34.7,2.0,3,1,17.3
43,113.2,1.83,161,63,1.45,962.0,Yoga,29.9,2.9,4,2,33.8
19,60.5,1.59,184,53,1.14,730.0,Cardio,30.1,2.2,2,1,23.93
37,124.2,1.76,168,50,1.5,1304.0,HIIT,29.3,2.8,2,1,40.1
45,52.4,1.85,186,73,1.2,956.0,Strength,25.2,2.5,3,1,15.31
24,54.7,1.74,160,53,0.84,772.0,Yoga,22.9,3.6,3,1,18.07
25,88.1,1.95,182,68,1.41,1016.0,Cardio,22.7,3.0,2,1,23.17
52,59.7,1.71,169,58,1.23,836.0,Strength,34.3,2.0,3,1,20.42
31,79.7,1.54,184,59,1.03,742.0,Cardio,26.7,2.3,4,2,33.61
34,51.0,1.62,162,53,1.42,1122.0,Yoga,30.8,2.4,3,2,19.43
53,84.2,1.76,165,69,1.67,1133.0,Cardio,12.8,3.5,5,3,27.18
57,122.1,1.89,165,58,1.13,750.0,Cardio,27.4,3.6,3,1,34.18
21,96.7,1.72,161,62,1.26,1046.0,Strength,25.0,2.8,3,1,32.69
19,73.0,1.79,177,61,0.81,506.0,HIIT,27.7,1.6,3,1,22.78
23,114.8,1.6,182,60,1.47,1318.0,Cardio,21.7,2.7,4,2,44.84
59,65.5,1.52,161,61,1.4,1021.0,Yoga,31.2,2.1,3,2,28.35
21,50.3,1.52,171,67,1.08,832.0,Cardio,32.2,2.6,3,1,21.77
46,61.0,1.71,181,61,1.67,1150.0,Cardio,17.8,2.7,4,3,20.86
35,44.6,1.62,196,65,0.56,440.0,HIIT,32.4,2.0,2,1,16.99
43,58.2,1.61,179,54,1.04,580.0,Strength,26.4,2.6,3,2,22.45
51,44.8,1.63,198,69,1.08,666.0,Yoga,33.8,2.1,4,2,16.86
27,87.5,1.63,183,74,1.75,1299.0,Strength,12.9,3.5,5,3,32.93
53,51.8,1.74,179,61,1.23,773.0,Strength,21.3,3.7,3,2,17.11
31,64.4,1.7,160,70,1.97,1418.0,Strength,17.3,2.7,5,3,22.28
48,67.1,1.61,160,74,0.62,421.0,Cardio,33.4,1.5,2,1,25.89
32,85.9,1.6,176,60,1.99,1587.0,HIIT,14.5,3.5,5,3,33.55
25,65.4,1.77,160,58,0.89,627.0,Cardio,27.6,2.6,3,1,20.88
31,61.1,1.76,189,67,1.81,1358.0,Yoga,18.6,2.7,4,3,19.72
40,106.5,1.65,162,74,1.32,1176.0,HIIT,21.0,3.6,4,2,39.12
57,64.0,1.52,170,52,1.73,1004.0,Strength,15.2,2.7,5,3,27.7
38,61.4,1.54,183,69,1.47,963.0,HIIT,30.6,2.7,3,2,25.89
33,40.5,1.63,181,66,1.07,786.0,Yoga,31.9,1.5,4,2,15.24
35,70.1,1.79,185,63,1.08,743.0,Cardio,28.0,2.3,3,2,21.88
41,94.1,1.62,172,50,1.13,777.0,Cardio,23.4,3.1,4,2,35.86
43,55.5,1.82,160,66,1.08,663.0,Strength,20.1,2.0,3,1,16.76
42,53.7,1.72,183,74,1.37,875.0,Cardio,29.8,1.6,3,1,18.15
58,66.1,1.75,169,57,0.63,363.0,Cardio,25.2,1.8,2,1,21.58
46,103.9,1.77,194,54,1.18,864.0,Yoga,20.9,2.9,2,1,33.16
32,61.7,1.58,183,54,1.87,1262.0,HIIT,16.6,2.7,5,3,24.72
18,52.3,1.74,187,58,1.2,990.0,Cardio,29.4,2.2,2,1,17.27
42,59.5,1.74,195,52,1.78,1129.0,Yoga,16.4,2.7,5,3,19.65
24,72.9,1.76,175,68,0.86,546.0,Yoga,30.8,1.5,3,1,23.53
26,76.7,1.63,199,72,1.08,751.0,Strength,25.6,1.7,2,1,28.87
41,72.1,1.83,175,58,1.13,744.0,Yoga,21.4,2.8,3,2,21.53
18,54.8,1.68,176,71,1.27,1003.0,Strength,32.0,2.2,4,2,19.42
25,105.0,1.88,174,67,1.34,1150.0,Cardio,21.4,2.3,3,2,29.71
41,55.0,1.55,175,65,1.45,1103.0,Strength,31.4,2.0,4,2,22.89
28,81.6,1.66,174,50,1.09,917.0,Yoga,20.5,3.5,4,2,29.61
34,75.6,1.6,193,51,0.64,416.0,HIIT,29.1,2.7,2,1,29.53
25,81.5,1.61,170,63,1.93,1688.0,HIIT,10.9,3.5,4,3,31.44
52,61.5,1.69,160,63,1.8,1231.0,Cardio,15.5,2.7,4,3,21.53
52,74.0,1.63,174,50,1.26,936.0,Cardio,25.7,3.7,3,2,27.85
50,56.4,1.59,185,74,1.26,924.0,HIIT,34.3,2.6,3,1,22.31
22,102.6,1.84,163,65,1.25,1052.0,Strength,20.5,2.7,3,2,30.3
59,54.6,1.57,164,64,0.58,441.0,Cardio,29.2,2.3,3,1,22.15
56,129.0,1.78,194,64,1.29,805.0,Yoga,27.1,2.7,2,1,40.71
58,103.5,1.66,172,61,1.33,1106.0,Cardio,24.6,3.1,3,1,37.56
45,59.4,1.51,169,65,1.15,735.0,Strength,33.1,1.9,4,2,26.05
24,60.1,1.79,170,63,1.97,1625.0,Cardio,15.9,2.7,4,3,18.76
26,77.7,1.62,177,73,1.16,804.0,Yoga,29.6,3.0,3,2,29.61
25,41.2,1.62,193,64,1.49,1073.0,Yoga,28.9,2.1,4,2,15.7
29,58.6,1.61,198,72,1.2,805.0,Yoga,23.4,2.0,3,2,22.61
51,109.3,1.78,182,64,0.54,420.0,Strength,28.7,3.3,3,1,34.5
50,69.6,1.96,166,68,0.97,667.0,Strength,25.6,2.0,3,1,18.12
40,56.2,1.79,198,57,1.79,1369.0,Yoga,17.6,2.7,5,3,17.54
41,71.7,1.96,162,51,0.51,424.0,Yoga,27.3,2.5,2,1,18.66
54,86.0,1.93,171,51,1.74,1404.0,Strength,12.9,3.5,5,3,23.09
52,79.4,1.59,166,59,1.39,1020.0,Strength,26.6,1.5,3,2,31.41
57,78.4,1.62,185,52,1.01,677.0,Strength,31.7,2.0,4,2,29.87
39,55.4,1.6,192,72,1.44,979.0,HIIT,26.3,1.6,3,2,21.64
44,61.7,1.55,196,66,1.41,819.0,Strength,33.1,2.6,4,2,25.68
52,85.5,1.82,174,57,1.78,1357.0,Yoga,14.9,3.5,4,3,25.81
18,87.6,1.93,161,72,1.72,1315.0,HIIT,11.9,3.5,4,3,23.52
52,82.4,1.72,166,53,1.01,685.0,Strength,24.4,2.7,4,2,27.85
54,67.0,1.68,191,63,0.55,446.0,Yoga,20.5,2.8,3,1,23.74
31,42.3,1.6,163,70,1.09,888.0,Cardio,25.1,1.9,3,2,16.52
20,82.7,1.99,179,59,1.69,1357.0,HIIT,14.6,3.5,5,3,20.88
18,92.4,1.74,195,50,1.41,1303.0,Yoga,21.3,3.1,2,1,30.52
22,63.2,1.54,191,53,1.02,790.0,Cardio,29.5,2.4,4,2,26.65
43,82.7,1.85,187,50,1.22,858.0,Yoga,28.2,3.1,4,2,24.16
31,86.6,1.76,172,66,1.29,1071.0,Strength,28.9,3.3,3,2,27.96
56,129.5,1.95,160,66,1.0,639.0,Strength,25.2,3.5,2,1,34.06
44,98.0,1.83,194,56,1.28,824.0,Cardio,25.7,3.5,4,2,29.26
26,86.2,1.68,189,72,1.97,1701.0,Strength,13.3,3.5,5,3,30.54
32,78.6,1.62,195,69,1.28,880.0,Yoga,29.6,3.1,3,1,29.95
32,59.0,1.66,184,64,0.51,408.0,Cardio,31.0,1.8,2,1,21.41
43,57.3,1.79,175,62,1.98,1479.0,Yoga,17.8,2.7,4,3,17.88
59,122.3,1.89,178,51,0.66,500.0,Yoga,20.1,3.1,3,1,34.24
30,85.3,1.95,160,68,1.61,1373.0,Yoga,10.4,3.5,5,3,22.43
49,45.2,1.74,164,73,1.24,870.0,Strength,30.8,2.1,3,2,14.93
56,55.6,1.92,181,62,0.68,458.0,Strength,29.4,3.2,3,1,15.08
49,82.8,1.95,183,73,1.91,1503.0,Yoga,14.3,3.5,5,3,21.78
21,125.2,1.66,196,60,1.38,1207.0,HIIT,29.8,3.4,3,2,45.43
47,58.5,1.79,195,71,1.42,837.0,Yoga,30.3,2.4,4,2,18.26
54,86.1,1.95,195,64,1.17,811.0,Yoga,27.9,3.4,2,1,22.64
40,63.5,1.61,163,59,1.31,1041.0,Cardio,33.4,1.6,3,2,24.5
56,69.3,1.68,195,58,0.66,451.0,Yoga,26.5,2.1,2,1,24.55
32,70.5,1.62,177,58,1.24,756.0,Strength,28.4,1.8,2,1,26.86
46,60.1,1.65,175,69,1.69,1042.0,Cardio,17.3,2.7,4,3,22.08
53,94.1,1.95,177,50,0.89,608.0,HIIT,28.6,3.5,3,1,24.75
30,79.2,1.62,181,66,1.26,1046.0,Cardio,28.0,2.5,4,2,30.18
49,115.3,1.91,161,61,1.38,854.0,HIIT,29.2,3.2,2,1,31.61
24,62.9,1.79,180,59,1.42,958.0,Cardio,27.3,2.3,4,2,19.63
39,62.0,1.64,195,54,0.97,678.0,Cardio,27.5,3.2,3,1,23.05
45,88.5,1.78,198,67,1.53,1265.0,HIIT,13.2,3.5,4,3,27.93
19,73.9,1.77,198,64,1.28,877.0,Strength,32.5,2.6,3,2,23.59
59,50.3,1.95,188,55,1.07,885.0,Strength,24.4,3.4,3,1,13.23
23,83.1,1.8,185,56,0.7,624.0,Strength,29.3,3.1,3,1,25.65
45,65.1,1.78,180,66,1.46,1038.0,Cardio,31.3,2.3,3,1,20.55
45,46.6,1.79,176,55,1.46,1214.0,Yoga,22.9,2.4,3,2,14.54
37,103.5,1.89,175,57,0.54,499.0,Cardio,26.4,3.1,2,1,28.97
47,61.9,1.54,190,61,1.95,1150.0,Yoga,16.4,2.7,4,3,26.1
28,52.0,1.61,168,70,1.32,1082.0,Yoga,27.9,2.0,3,2,20.06
45,113.4,1.71,190,63,0.83,530.0,Strength,24.0,2.3,2,1,38.78
42,62.9,1.98,173,61,1.42,886.0,Yoga,28.5,3.4,4,2,16.04
56,40.4,1.8,196,72,1.23,913.0,Cardio,30.0,2.1,4,2,12.47
50,67.1,1.75,161,59,0.67,362.0,Cardio,31.8,2.7,3,1,21.91
18,70.0,1.61,173,71,1.3,1201.0,Strength,23.9,2.5,2,1,27.01
44,69.5,1.75,192,69,1.02,711.0,HIIT,27.6,2.1,3,1,22.69
30,107.9,1.66,194,64,1.08,832.0,Cardio,29.5,2.8,3,2,39.16
58,109.0,1.91,198,56,1.49,1151.0,Yoga,26.0,2.2,3,2,29.88
20,101.0,1.91,179,58,1.36,1070.0,Cardio,29.3,2.7,3,2,27.69
56,88.5,1.85,161,59,1.57,1119.0,Cardio,11.0,3.5,4,3,25.86
23,80.9,1.8,178,59,1.55,1074.0,Cardio,10.7,3.5,4,3,24.97
25,43.1,1.62,196,65,1.04,837.0,HIIT,33.6,1.8,4,2,16.42
44,59.1,1.52,177,56,1.58,967.0,Yoga,18.4,2.7,5,3,25.58
26,54.0,1.53,175,54,1.14,844.0,Strength,26.9,1.7,3,1,23.07
54,72.3,1.78,163,72,1.27,852.0,Cardio,27.7,1.8,2,1,22.82
50,51.1,1.98,171,52,0.92,574.0,Yoga,28.0,2.4,2,1,13.03
59,89.4,1.72,188,67,1.08,813.0,Yoga,24.5,3.2,3,1,30.22
41,51.5,1.8,166,60,1.09,680.0,Strength,26.7,2.1,4,2,15.9
32,87.9,1.88,173,64,1.52,1195.0,Cardio,11.6,3.5,5,3,24.87
49,42.0,1.52,171,70,1.1,644.0,HIIT,28.8,2.2,3,1,18.18
49,79.2,1.72,194,69,1.46,925.0,Yoga,29.9,3.3,3,1,26.77
41,64.8,1.71,164,54,1.2,778.0,Strength,22.5,2.8,3,2,22.16
58,63.0,1.78,176,73,1.58,1095.0,HIIT,17.5,2.7,4,3,19.88
29,56.2,1.77,191,61,0.68,418.0,Yoga,33.4,2.6,3,1,17.94
56,52.9,1.64,169,53,1.1,767.0,Cardio,27.4,2.3,3,2,19.67
19,49.0,1.69,176,64,1.05,772.0,Yoga,29.2,2.4,3,1,17.16
20,128.2,1.84,164,58,0.83,603.0,HIIT,26.2,2.3,3,1,37.87
54,83.6,1.86,168,56,1.54,1082.0,HIIT,12.4,3.5,5,3,24.16
34,56.2,1.77,192,59,1.81,1249.0,Cardio,17.3,2.7,5,3,17.94
19,87.8,1.78,195,72,1.28,1133.0,Cardio,23.6,3.3,2,1,27.71
19,85.9,1.85,195,62,1.66,1424.0,Strength,12.9,3.5,4,3,25.1
45,51.1,1.87,177,57,1.44,1126.0,Cardio,26.2,3.4,4,2,14.61
40,57.4,1.71,168,61,1.87,1337.0,Strength,18.3,2.7,5,3,19.63
54,114.9,1.92,188,71,1.2,802.0,HIIT,20.7,2.6,4,2,31.17
49,62.1,1.66,173,73,1.37,937.0,HIIT,31.3,1.8,3,2,22.54
50,57.1,1.91,184,68,1.09,707.0,Yoga,29.5,2.7,4,2,15.65
18,68.1,1.8,174,50,1.1,926.0,Yoga,25.4,3.3,4,2,21.02
36,69.2,1.65,165,65,1.23,852.0,Strength,27.2,2.7,3,1,25.42
19,65.2,1.52,188,71,1.23,800.0,Cardio,30.6,2.4,3,1,28.22
43,108.6,1.73,174,66,1.33,988.0,Cardio,28.5,2.2,2,1,36.29
49,40.0,1.65,188,74,1.03,686.0,Yoga,34.3,2.5,3,2,14.69
23,41.9,1.58,163,67,0.56,370.0,HIIT,26.8,1.8,3,1,16.78
49,68.3,1.52,177,60,1.45,979.0,Strength,29.4,1.8,4,2,29.56
21,88.4,1.6,198,67,1.71,1138.0,HIIT,12.0,3.5,4,3,34.53
28,66.0,1.9,175,56,1.18,1025.0,HIIT,24.1,3.0,3,1,18.28
34,71.9,1.64,170,67,1.26,929.0,Cardio,21.3,2.1,4,2,26.73
55,75.6,1.71,173,57,1.03,663.0,Strength,28.1,2.0,4,2,25.85
41,63.4,1.59,162,55,1.84,1267.0,HIIT,15.2,2.7,5,3,25.08
22,71.6,1.77,197,56,1.49,1177.0,Yoga,30.3,1.8,3,1,22.85
51,57.4,1.77,177,72,1.08,598.0,Yoga,31.6,2.1,4,2,18.32
23,83.8,1.99,179,71,1.79,1280.0,Cardio,11.0,3.5,4,3,21.16
39,55.9,1.71,184,59,1.95,1443.0,Yoga,19.5,2.7,5,3,19.12
28,87.0,1.76,197,60,1.2,799.0,Yoga,28.4,3.5,3,2,28.09
33,65.3,1.71,172,74,1.18,796.0,HIIT,29.7,2.5,4,2,22.33
50,45.4,1.67,163,62,1.37,1071.0,Yoga,24.1,2.8,4,2,16.28
26,87.1,1.87,173,58,1.71,1241.0,Yoga,11.2,3.5,4,3,24.91
23,78.6,1.73,192,56,1.47,1147.0,HIIT,32.3,1.5,4,2,26.26
33,78.0,1.71,187,58,1.08,734.0,Cardio,26.3,2.1,3,1,26.67
46,58.0,1.53,196,62,1.83,1153.0,Cardio,18.4,2.7,4,3,24.78
20,71.3,1.69,167,52,1.28,1043.0,Strength,33.4,2.3,3,2,24.96
37,49.1,1.74,193,52,1.11,842.0,Yoga,22.3,2.6,3,2,16.22
53,78.3,1.65,164,50,1.24,703.0,HIIT,33.7,1.6,3,1,28.76
36,57.3,1.64,164,70,1.13,887.0,Strength,25.3,1.8,4,2,21.3
43,48.4,1.61,190,69,1.28,732.0,Cardio,34.1,2.4,2,1,18.67
20,76.4,1.62,168,51,1.35,980.0,Cardio,21.2,2.6,4,2,29.11
36,110.2,1.77,191,74,1.19,1021.0,HIIT,26.5,3.4,2,1,35.18
37,72.9,1.76,192,52,1.21,732.0,Strength,27.5,1.9,3,2,23.53
49,82.1,1.86,162,64,1.87,1481.0,Strength,14.2,3.5,4,3,23.73
24,58.9,1.76,189,73,0.63,410.0,HIIT,30.1,1.7,3,1,19.01
58,82.2,1.87,171,55,1.57,1111.0,HIIT,10.7,3.5,4,3,23.51
50,96.7,1.72,188,62,1.46,903.0,Strength,25.7,2.7,3,2,32.69
57,81.4,1.86,162,70,1.8,1292.0,Cardio,12.0,3.5,5,3,23.53
56,107.8,1.73,185,50,1.09,680.0,Yoga,26.6,2.8,3,2,36.02
35,65.8,1.62,189,69,1.0,790.0,Cardio,33.8,1.5,4,2,25.07
57,68.5,1.56,168,68,1.45,900.0,HIIT,29.1,1.6,4,2,28.15
18,63.9,1.59,185,50,1.87,1169.0,Strength,16.4,2.7,4,3,25.28
28,76.3,1.62,161,70,1.16,1034.0,Strength,20.1,2.3,3,2,29.07
45,44.5,1.65,162,71,1.44,959.0,Yoga,30.7,1.6,3,1,16.35
42,50.7,1.75,163,51,1.29,940.0,Strength,29.0,1.9,3,2,16.56
40,55.1,1.61,184,64,1.55,1224.0,Yoga,16.9,2.7,4,3,21.26
48,73.7,1.61,172,63,1.36,815.0,Cardio,21.8,3.6,4,2,28.43
47,55.6,1.77,198,68,1.2,820.0,Cardio,24.3,2.9,4,2,17.75
59,86.9,1.76,194,60,1.13,688.0,Strength,29.8,3.1,3,2,28.05
52,60.3,1.68,182,64,1.6,900.0,Strength,16.5,2.7,4,3,21.36
24,40.4,1.64,168,55,0.99,832.0,HIIT,31.0,1.9,2,1,15.02
33,78.5,1.66,161,69,1.29,1006.0,HIIT,32.8,1.9,4,2,28.49
43,102.6,1.72,190,58,0.82,597.0,Strength,27.5,2.0,2,1,34.68
19,110.8,1.91,161,54,1.31,1074.0,Strength,23.3,2.9,2,1,30.37
18,60.9,1.79,191,69,1.11,699.0,Cardio,31.1,2.1,2,1,19.01
29,55.7,1.61,177,51,1.41,993.0,Strength,28.7,2.3,3,1,21.49
22,110.5,1.92,172,55,1.16,919.0,HIIT,20.2,3.3,3,2,29.98
54,55.2,1.71,164,67,0.77,579.0,Cardio,24.4,2.8,2,1,18.88
49,46.5,1.72,169,72,1.4,832.0,Yoga,22.2,2.6,4,2,15.72
26,70.9,1.66,184,68,0.81,506.0,HIIT,28.9,1.7,3,1,25.73
58,74.6,1.75,193,58,1.09,739.0,HIIT,24.2,2.9,2,1,24.36
52,45.1,1.72,196,70,0.93,594.0,Cardio,27.5,3.3,2,1,15.24
36,99.9,1.99,189,73,1.33,1075.0,Yoga,20.9,2.5,3,1,25.23
33,117.0,1.61,166,55,1.04,744.0,HIIT,25.1,2.4,3,2,45.14
20,75.9,1.73,165,63,1.39,1056.0,Strength,30.6,2.1,4,2,25.36
37,71.2,1.64,162,73,1.11,666.0,HIIT,29.9,1.7,3,2,26.47
41,78.8,1.72,172,62,1.01,660.0,Cardio,27.3,3.1,4,2,26.64
50,50.6,1.69,162,60,1.31,1012.0,Cardio,23.8,3.0,2,1,17.72
41,82.5,1.79,185,61,1.69,1163.0,Cardio,14.7,3.5,4,3,25.75
28,108.5,1.79,183,68,1.33,878.0,HIIT,24.8,2.1,4,2,33.86
25,49.9,1.98,165,68,1.15,772.0,Yoga,25.7,2.1,3,2,12.73
53,125.1,1.91,171,70,0.52,353.0,Strength,28.3,3.1,2,1,34.29
55,79.7,1.66,195,68,1.06,763.0,Cardio,27.8,1.9,2,1,28.92
57,126.8,1.63,161,73,0.96,632.0,Yoga,20.8,2.1,2,1,47.72
37,54.6,1.57,170,62,1.31,982.0,Strength,32.1,2.4,3,1,22.15
52,47.8,1.54,198,63,1.34,880.0,Cardio,29.8,1.9,3,2,20.16
42,97.9,1.91,193,73,1.01,680.0,Strength,29.0,2.8,3,2,26.84
52,63.1,1.54,185,67,1.36,1010.0,Strength,34.8,1.8,3,2,26.61
42,72.4,1.69,177,61,1.07,713.0,Yoga,29.0,2.3,3,2,25.35
46,58.9,1.7,180,53,1.52,1060.0,Strength,17.1,2.7,4,3,20.38
35,50.4,1.6,195,59,1.03,803.0,Cardio,29.1,1.9,4,2,19.69
35,64.2,1.59,199,66,1.63,1182.0,Yoga,16.6,2.7,5,3,25.39
19,58.8,1.77,181,53,1.4,952.0,HIIT,32.8,2.7,2,1,18.77
52,105.2,1.62,189,61,1.36,949.0,HIIT,27.6,3.2,3,1,40.09
33,45.9,1.5,189,62,0.92,662.0,Yoga,29.8,1.7,3,1,20.4
58,65.2,1.63,167,53,1.12,610.0,HIIT,25.4,2.0,3,2,24.54
53,56.3,1.79,193,59,1.52,964.0,Strength,16.5,2.7,5,3,17.57
50,90.0,1.7,168,74,0.81,497.0,Cardio,22.9,2.7,2,1,31.14
21,60.0,1.7,179,52,1.97,1212.0,Strength,19.1,2.7,5,3,20.76
50,51.5,1.71,199,64,1.48,1136.0,Yoga,20.9,2.9,2,1,17.61
31,63.1,1.64,184,51,1.54,962.0,Cardio,19.0,2.7,4,3,23.46
38,91.5,1.77,178,74,0.8,616.0,Yoga,26.7,3.4,2,1,29.21
37,48.7,1.67,164,74,1.39,1009.0,Yoga,27.3,3.0,2,1,17.46
25,57.8,1.56,170,66,1.35,1053.0,Yoga,29.3,1.6,3,2,23.75
24,42.0,1.75,174,55,0.83,598.0,Strength,31.8,2.3,3,1,13.71
20,128.4,1.92,167,57,0.63,502.0,Cardio,26.1,2.0,2,1,34.83
34,74.2,1.57,178,52,1.47,1161.0,Cardio,32.7,2.4,3,1,30.1
50,89.6,1.68,182,74,1.79,1232.0,Cardio,12.2,3.5,5,3,31.75
29,125.9,2.0,186,67,1.36,1137.0,Strength,24.7,3.1,4,2,31.48
39,105.5,1.99,199,71,0.81,593.0,HIIT,26.4,2.5,2,1,26.64
39,93.4,1.7,191,50,1.1,938.0,Strength,21.1,2.5,4,2,32.32
47,82.1,1.84,185,65,1.37,922.0,Strength,24.4,3.4,4,2,24.25
55,42.9,1.69,186,56,0.9,567.0,Yoga,34.7,2.4,2,1,15.02
55,128.4,1.68,178,52,1.13,923.0,Cardio,20.4,2.6,4,2,45.49
25,112.4,1.96,188,72,1.42,1054.0,Cardio,23.2,2.5,2,1,29.26
44,77.7,1.79,198,53,1.41,1047.0,HIIT,28.1,2.2,3,1,24.25
44,89.3,1.99,192,58,1.4,936.0,HIIT,26.3,2.0,4,2,22.55
51,70.3,1.55,178,54,1.4,876.0,Yoga,26.1,1.6,3,1,29.26
38,59.1,1.72,196,68,1.07,792.0,Cardio,31.3,1.7,3,2,19.98
47,49.9,1.69,178,64,1.48,979.0,HIIT,26.0,1.7,3,2,17.47
50,101.7,1.67,192,57,0.53,333.0,HIIT,20.9,2.9,2,1,36.47
45,93.0,1.91,175,55,1.03,729.0,Cardio,27.3,3.7,3,2,25.49
50,87.4,1.6,182,67,0.77,465.0,Strength,23.2,3.1,2,1,34.14
22,55.1,1.61,166,68,1.62,1166.0,HIIT,19.9,2.7,4,3,21.26
36,123.7,1.69,185,73,1.3,987.0,Cardio,20.4,2.1,4,2,43.31
21,61.3,1.57,191,64,1.94,1474.0,HIIT,17.2,2.7,4,3,24.87
52,72.3,1.94,171,56,1.46,874.0,Yoga,21.1,2.9,3,2,19.21
34,69.2,1.53,167,59,1.36,911.0,HIIT,28.5,2.1,2,1,29.56
45,81.4,1.61,164,55,1.14,796.0,Cardio,30.0,2.2,4,2,31.4
47,84.8,1.86,187,63,1.85,1181.0,HIIT,14.4,3.5,5,3,24.51
46,55.1,1.72,164,66,1.43,970.0,Yoga,20.5,3.6,3,2,18.62
23,59.0,1.78,185,58,1.67,1177.0,Yoga,17.8,2.7,5,3,18.62
52,64.9,1.51,164,68,1.83,1359.0,HIIT,18.2,2.7,4,3,28.46
58,109.7,1.75,181,54,1.01,840.0,HIIT,22.1,2.7,2,1,35.82
54,78.4,1.9,174,72,0.81,585.0,Yoga,21.5,3.7,2,1,21.72
41,76.7,1.79,172,56,1.4,832.0,Yoga,34.0,2.0,4,2,23.94
46,63.1,1.61,187,68,1.0,684.0,Strength,34.7,2.2,4,2,24.34
48,62.9,1.58,192,69,1.98,1105.0,Strength,20.0,2.7,4,3,25.2
52,85.6,1.74,182,56,1.84,1321.0,Yoga,13.9,3.5,4,3,28.27
50,66.3,1.57,192,73,1.25,742.0,HIIT,31.6,1.6,2,1,26.9
38,61.3,1.97,177,51,1.37,1100.0,Cardio,23.5,2.8,3,1,15.8
49,44.1,1.65,189,74,1.16,694.0,HIIT,26.7,1.8,4,2,16.2
40,63.8,1.62,185,72,1.3,1022.0,HIIT,20.8,3.4,2,1,24.31
50,55.4,1.55,175,65,1.85,1016.0,Strength,18.5,2.7,4,3,23.06
20,74.7,1.58,172,62,1.04,863.0,Strength,32.8,2.4,3,2,29.92
35,78.0,1.67,198,57,1.13,949.0,Strength,33.3,2.5,4,2,27.97
42,57.5,1.67,192,55,1.14,764.0,Yoga,34.1,2.4,2,1,20.62
59,60.7,1.73,185,55,1.03,714.0,Yoga,33.8,2.5,3,2,20.28
48,69.0,1.74,160,58,1.48,1223.0,HIIT,30.0,2.3,3,2,22.79
20,75.8,1.78,197,53,1.42,944.0,HIIT,27.4,2.0,4,2,23.92
57,75.7,1.63,161,60,0.69,407.0,Cardio,32.6,2.3,3,1,28.49
41,71.2,1.64,165,54,1.42,939.0,HIIT,30.9,2.3,3,2,26.47
49,85.0,1.68,197,74,1.82,1468.0,HIIT,11.3,3.5,4,3,30.12
39,63.6,1.56,183,66,1.22,903.0,Strength,34.8,2.4,2,1,26.13
40,73.2,1.94,177,69,0.81,722.0,Strength,29.0,2.4,2,1,19.45
19,48.3,1.52,186,56,0.96,653.0,Strength,26.3,1.6,2,1,20.91
44,42.8,1.78,167,64,1.49,1066.0,Strength,25.3,2.6,3,2,13.51
59,88.1,1.76,187,74,1.35,1123.0,Strength,26.9,3.0,3,2,28.44
19,72.4,1.75,169,64,1.2,840.0,Cardio,31.0,1.7,4,2,23.64
43,73.2,1.88,176,63,1.17,822.0,Cardio,29.4,3.3,3,1,20.71
34,110.5,1.86,188,62,1.42,1086.0,Cardio,22.3,3.6,2,1,31.94
57,46.1,1.76,165,60,1.44,842.0,Strength,25.8,1.7,3,2,14.88
50,90.8,1.71,173,62,1.07,810.0,Yoga,22.6,3.4,4,2,31.05
26,59.3,1.51,181,71,1.7,1096.0,Strength,15.1,2.7,5,3,26.01
56,45.1,1.73,165,73,0.83,482.0,Strength,25.4,2.6,3,1,15.07
46,45.0,1.77,185,58,1.48,1187.0,Cardio,29.1,3.6,3,2,14.36
59,89.4,1.62,198,59,1.43,885.0,Strength,23.5,3.6,3,2,34.06
43,127.7,1.69,171,53,1.14,875.0,Cardio,24.1,2.9,3,2,44.71
52,70.9,1.72,194,66,1.31,927.0,Strength,20.2,2.6,3,2,23.97
42,49.2,1.5,173,63,1.15,678.0,HIIT,27.7,1.5,3,2,21.87
41,62.3,1.79,181,73,1.99,1451.0,Yoga,19.0,2.7,5,3,19.44
30,64.1,1.87,182,67,0.64,500.0,Yoga,26.2,2.1,2,1,18.33
24,69.7,1.75,166,60,1.41,1029.0,Cardio,32.5,2.0,3,1,22.76
53,56.9,1.59,199,65,1.49,1100.0,HIIT,29.5,2.0,3,2,22.51
37,53.0,1.71,184,50,1.13,881.0,Yoga,28.1,1.7,4,2,18.13
18,72.7,1.55,172,56,0.84,525.0,Cardio,29.8,2.0,3,1,30.26
25,76.5,1.96,180,59,0.67,442.0,Strength,23.2,2.3,3,1,19.91
33,113.6,1.99,169,58,1.38,949.0,Strength,28.4,3.4,2,1,28.69
31,62.5,1.62,168,74,1.56,1318.0,HIIT,16.5,2.7,4,3,23.81
29,95.2,1.86,174,52,0.64,496.0,Yoga,26.6,2.5,2,1,27.52
40,51.7,1.82,161,71,0.9,792.0,Strength,21.4,3.0,3,1,15.61
32,105.3,1.67,184,72,0.57,448.0,Cardio,26.9,2.9,3,1,37.76
45,71.2,1.68,172,63,1.37,888.0,Strength,34.1,1.6,3,1,25.23
51,78.1,1.51,193,74,0.92,555.0,Strength,31.1,2.6,3,1,34.25
19,50.6,1.68,193,64,1.21,877.0,Yoga,30.6,2.1,3,2,17.93
49,70.2,1.89,194,51,0.7,440.0,Yoga,29.6,2.6,3,1,19.65
40,62.6,1.53,197,73,1.93,1380.0,Cardio,18.1,2.7,5,3,26.74
39,60.6,1.65,162,63,0.92,768.0,HIIT,27.6,1.7,3,1,22.26
42,76.4,1.97,165,65,1.14,886.0,HIIT,22.9,2.6,3,2,19.69
39,63.3,1.71,178,56,1.88,1175.0,Strength,18.5,2.7,4,3,21.65
39,68.6,1.64,162,53,1.33,1024.0,Cardio,32.4,1.5,3,2,25.51
59,123.3,1.88,177,67,1.3,1036.0,HIIT,23.0,2.6,4,2,34.89
23,107.0,1.94,198,73,1.35,891.0,HIIT,23.5,2.9,2,1,28.43
32,68.3,1.92,168,54,1.42,1289.0,Strength,29.9,3.5,2,1,18.53
54,47.8,1.6,171,55,1.19,830.0,Cardio,26.0,2.3,4,2,18.67
50,58.4,1.79,164,56,1.6,943.0,HIIT,17.0,2.7,4,3,18.23
25,74.3,1.71,162,64,1.43,1123.0,Yoga,25.6,1.6,3,2,25.41
22,106.8,1.82,170,50,1.0,715.0,Yoga,28.2,2.3,4,2,32.24
56,125.5,1.8,189,73,1.26,817.0,Strength,20.9,2.7,4,2,38.73
21,55.2,1.55,163,53,1.37,1103.0,Strength,31.7,1.7,4,2,22.98
23,71.4,1.72,164,74,1.25,1056.0,Strength,25.6,1.5,2,1,24.13
49,77.7,1.61,160,50,1.03,806.0,Strength,26.7,3.4,3,2,29.98
47,88.4,1.6,186,60,1.86,1160.0,HIIT,14.2,3.5,5,3,34.53
52,104.8,1.99,187,67,0.93,598.0,Cardio,24.0,2.0,2,1,26.46
57,82.2,1.69,188,63,1.15,882.0,Strength,25.2,3.4,4,2,28.78
33,68.2,1.75,177,71,0.85,638.0,Strength,29.0,1.7,2,1,22.27
30,91.4,1.99,171,60,1.37,1145.0,HIIT,23.0,3.7,3,2,23.08
59,42.1,1.65,172,59,1.22,725.0,Strength,33.0,2.2,2,1,15.46
47,68.7,1.76,161,66,1.37,845.0,Strength,27.7,2.4,3,2,22.18
36,47.2,1.74,196,53,1.5,1200.0,Cardio,32.2,1.6,4,2,15.59
34,92.0,1.76,175,73,0.73,574.0,Yoga,22.1,3.5,3,1,29.7
36,56.2,1.95,183,64,1.09,767.0,Strength,22.5,3.4,4,2,14.78
45,58.4,1.72,194,65,1.31,973.0,HIIT,23.4,3.1,4,2,19.74
43,82.9,1.95,181,70,1.9,1505.0,Cardio,12.9,3.5,5,3,21.8
54,66.9,1.74,195,62,1.24,720.0,HIIT,29.5,2.1,2,1,22.1
43,66.3,1.85,170,58,1.18,707.0,Cardio,27.5,3.2,2,1,19.37
40,93.6,1.93,188,60,1.38,1192.0,Cardio,22.1,2.0,3,1,25.13
26,64.1,1.5,194,60,1.93,1293.0,Strength,15.1,2.7,5,3,28.49
29,86.7,1.62,174,55,1.52,1020.0,Strength,13.9,3.5,4,3,33.04
18,62.0,1.59,190,50,1.23,996.0,Strength,33.2,2.2,4,2,24.52
18,58.1,1.61,175,71,1.9,1425.0,Yoga,15.3,2.7,4,3,22.41
51,64.9,1.6,169,55,1.49,838.0,Yoga,31.1,2.5,4,2,25.35
49,69.3,1.62,191,62,1.14,626.0,HIIT,28.8,1.9,4,2,26.41
42,42.7,1.74,161,71,1.04,608.0,Strength,32.9,1.6,3,1,14.1
57,51.4,1.63,183,73,1.2,724.0,Yoga,33.7,2.0,4,2,19.35
18,67.4,1.6,182,71,0.6,492.0,Strength,33.5,2.4,3,1,26.33
33,55.6,1.61,161,54,1.77,1301.0,Yoga,18.9,2.7,4,3,21.45
56,125.3,1.86,197,64,1.0,639.0,Yoga,22.7,2.2,3,2,36.22
22,102.1,1.85,190,67,1.48,1278.0,Cardio,28.1,2.4,4,2,29.83
39,61.9,1.77,199,69,1.32,1205.0,Strength,25.3,2.3,3,1,19.76
46,108.8,1.64,185,63,1.4,1171.0,Strength,20.5,3.4,3,1,40.45
20,51.1,1.58,188,64,0.5,422.0,Yoga,29.6,1.6,2,1,20.47
29,81.7,1.99,162,54,1.45,1005.0,Strength,29.4,3.2,2,1,20.63
43,42.7,1.66,173,53,0.73,440.0,Yoga,33.9,1.9,2,1,15.5
33,81.8,1.99,184,51,1.59,1198.0,Strength,10.5,3.5,4,3,20.66
54,54.6,1.76,160,56,1.28,868.0,Cardio,27.4,3.3,4,2,17.63
39,107.7,1.88,162,59,0.72,634.0,Strength,28.1,3.6,2,1,30.47
46,56.9,1.6,185,65,0.88,566.0,Cardio,27.7,1.6,3,1,22.23
31,78.8,1.71,177,59,1.49,992.0,HIIT,24.7,2.5,4,2,26.95
45,48.2,1.64,168,67,1.25,894.0,Strength,32.1,2.5,4,2,17.92
22,50.7,1.59,197,66,1.27,883.0,Strength,29.4,1.8,3,2,20.05
47,86.6,1.99,182,70,1.98,1500.0,Strength,10.6,3.5,4,3,21.87
22,96.3,1.63,180,62,1.35,1203.0,Cardio,27.1,2.4,4,2,36.25
29,80.8,1.98,160,50,1.65,1316.0,Strength,14.6,3.5,5,3,20.61
33,58.0,1.53,180,50,1.84,1159.0,Strength,18.3,2.7,5,3,24.78
43,95.9,1.85,186,64,1.28,995.0,Yoga,27.7,3.4,2,1,28.02
43,61.5,1.58,165,50,1.86,1247.0,HIIT,16.8,2.7,5,3,24.64
38,40.6,1.79,195,55,0.62,499.0,Cardio,26.8,2.7,2,1,12.67
56,82.5,1.87,187,74,1.51,927.0,Yoga,13.2,3.5,5,3,23.59
53,105.1,1.84,176,62,0.69,444.0,Cardio,23.3,2.9,3,1,31.04
50,58.1,1.58,199,50,1.93,1042.0,Yoga,19.3,2.7,5,3,23.27
47,61.0,1.76,162,54,1.54,1060.0,HIIT,15.6,2.7,5,3,19.69
54,64.5,1.53,171,58,1.74,940.0,Yoga,17.2,2.7,4,3,27.55
40,58.2,1.98,198,74,1.43,1085.0,Cardio,24.0,2.5,3,2,14.85
27,69.5,1.76,171,66,0.94,569.0,Strength,34.4,2.0,3,1,22.44
22,62.2,1.84,161,65,0.51,393.0,Strength,21.5,2.3,3,1,18.37
53,68.0,1.7,181,57,1.06,663.0,HIIT,25.1,2.4,4,2,23.53
51,56.3,1.5,182,66,1.43,914.0,Cardio,27.4,2.4,3,1,25.02
48,94.5,1.7,189,64,1.01,700.0,Cardio,28.2,3.5,3,2,32.7
27,58.0,1.79,164,73,1.39,994.0,Cardio,27.1,1.5,2,1,18.1
36,84.0,1.94,168,50,1.8,1218.0,HIIT,11.2,3.5,5,3,22.32
49,61.0,1.87,180,61,1.14,739.0,Strength,21.3,3.0,4,2,17.44
18,64.8,1.53,170,54,1.98,1396.0,Yoga,18.6,2.7,5,3,27.68
22,45.7,1.77,164,73,1.04,795.0,HIIT,20.7,2.4,3,1,14.59
21,80.9,1.9,194,55,1.8,1356.0,Yoga,11.7,3.5,4,3,22.41
33,64.1,1.63,186,74,1.58,948.0,Strength,16.4,2.7,5,3,24.13
41,67.0,1.77,161,50,1.22,900.0,HIIT,25.6,2.6,3,2,21.39
33,106.5,1.6,183,74,1.4,1170.0,Strength,27.3,3.3,4,2,41.6
19,95.1,1.85,190,50,1.21,952.0,Yoga,25.3,2.3,4,2,27.79
45,65.5,1.57,192,59,0.66,395.0,Cardio,34.3,2.3,2,1,26.57
49,105.7,1.64,198,59,1.2,921.0,Cardio,29.5,3.1,3,2,39.3
44,48.0,1.76,189,52,0.88,491.0,Yoga,28.6,2.6,2,1,15.5
37,69.5,1.5,196,66,0.69,448.0,Cardio,32.8,2.4,2,1,30.89
41,66.1,1.69,187,68,0.77,545.0,Yoga,27.4,3.4,2,1,23.14
29,68.0,1.7,190,60,0.76,627.0,HIIT,28.9,2.9,2,1,23.53
52,50.3,1.78,170,67,0.85,555.0,HIIT,24.5,2.3,2,1,15.88
50,69.3,1.68,182,51,1.2,729.0,HIIT,30.3,2.0,2,1,24.55
50,86.7,1.63,161,58,1.7,1203.0,Cardio,12.1,3.5,4,3,32.63
54,125.9,1.94,199,73,1.35,882.0,Strength,28.5,2.9,3,2,33.45
29,88.1,1.93,186,66,1.88,1479.0,Cardio,11.1,3.5,5,3,23.65
20,124.3,1.82,194,63,1.25,997.0,Cardio,22.4,3.2,3,2,37.53
18,62.0,1.85,161,53,0.88,586.0,Strength,23.7,3.0,3,1,18.12
50,69.7,1.72,198,66,1.24,753.0,Strength,27.3,2.0,4,2,23.56
57,60.9,1.52,196,66,1.31,926.0,Strength,30.6,1.8,3,2,26.36
27,76.5,1.97,180,61,1.13,1025.0,Strength,21.3,2.3,2,1,19.71
46,94.7,1.82,164,69,1.47,873.0,Cardio,23.2,3.2,3,2,28.59
30,67.9,1.75,180,67,1.25,1155.0,Yoga,29.1,3.1,2,1,22.17
29,121.1,1.87,188,52,1.31,937.0,HIIT,24.1,3.2,4,2,34.63
48,71.5,1.64,179,60,1.46,1012.0,Yoga,32.5,1.9,4,2,26.58
19,98.6,1.7,197,74,0.83,740.0,Cardio,21.1,2.4,2,1,34.12
52,68.2,1.63,179,67,1.17,779.0,Strength,27.5,2.4,3,1,25.67
40,57.7,1.69,184,53,1.18,920.0,HIIT,33.1,2.4,4,2,20.2
34,124.6,1.63,161,66,1.41,1055.0,HIIT,27.6,2.8,3,2,46.9
43,73.0,1.59,191,67,1.31,931.0,Yoga,28.9,2.2,3,1,28.88
25,59.4,1.51,185,54,1.62,1304.0,Cardio,19.8,2.7,5,3,26.05
46,52.0,1.65,165,63,0.7,463.0,Cardio,34.1,1.9,2,1,19.1
43,42.2,1.65,162,59,1.33,886.0,Cardio,34.6,2.3,3,2,15.5
27,89.3,1.64,192,64,1.82,1622.0,HIIT,12.1,3.5,4,3,33.2
43,110.0,1.76,160,50,1.09,658.0,Yoga,22.0,3.4,3,1,35.51
51,66.2,1.58,164,65,0.86,499.0,HIIT,31.3,2.3,3,1,26.52
58,58.6,1.66,172,60,1.21,964.0,HIIT,26.8,2.9,2,1,21.27
24,51.0,1.67,178,72,0.97,710.0,Strength,21.3,2.8,3,1,18.29
21,101.5,1.95,171,69,0.97,699.0,Yoga,27.9,3.1,3,1,26.69
28,114.2,1.87,184,55,1.05,959.0,Strength,20.2,3.2,3,2,32.66
46,54.4,1.72,194,73,0.91,725.0,Cardio,24.8,2.9,2,1,18.39
53,52.4,1.57,171,71,1.34,898.0,HIIT,28.3,2.2,3,2,21.26
42,85.2,1.81,189,65,1.54,1151.0,Yoga,13.7,3.5,5,3,26.01
38,83.6,1.74,164,51,1.66,1379.0,Cardio,11.6,3.5,5,3,27.61
53,115.4,1.92,193,50,1.36,1084.0,Yoga,28.3,2.2,4,2,31.3
27,71.2,1.97,181,73,0.74,615.0,HIIT,25.9,3.6,3,1,18.35
54,78.1,1.6,198,73,1.1,718.0,Yoga,32.9,2.4,4,2,30.51
26,54.2,1.65,172,58,1.07,642.0,Cardio,34.9,1.9,4,2,19.91
41,77.6,1.76,162,71,1.27,920.0,Strength,31.8,2.2,4,2,25.05
52,44.1,1.62,179,61,1.41,768.0,HIIT,34.8,1.6,3,1,16.8
52,85.5,1.8,190,66,1.7,1144.0,Strength,10.1,3.5,5,3,26.39
53,47.8,1.76,164,74,1.06,711.0,HIIT,28.4,1.5,4,2,15.43
35,102.5,1.94,183,64,0.84,730.0,Cardio,21.1,2.4,2,1,27.23
56,118.0,1.9,199,68,0.66,412.0,HIIT,22.6,3.2,2,1,32.69
49,82.3,1.84,192,71,1.29,932.0,Strength,28.4,3.4,4,2,24.31
41,81.6,1.87,167,59,1.87,1185.0,HIIT,10.2,3.5,5,3,23.33
40,60.2,1.88,183,61,1.22,946.0,Cardio,25.2,3.0,3,2,17.03
49,49.2,1.54,179,63,1.28,881.0,HIIT,30.7,2.1,3,2,20.75
54,46.6,1.5,175,58,1.38,1025.0,Strength,30.6,2.0,2,1,20.71
29,68.7,1.72,171,62,1.08,907.0,Cardio,29.8,1.7,4,2,23.22
30,60.6,1.55,172,52,1.3,780.0,Strength,32.9,1.6,3,2,25.22
40,52.1,1.61,198,70,0.87,612.0,HIIT,21.3,3.3,2,1,20.1
42,46.6,1.77,184,63,0.61,382.0,Yoga,28.1,2.6,2,1,14.87
52,65.5,1.74,191,70,1.48,1011.0,Strength,26.2,2.8,4,2,21.63
58,44.2,1.57,183,59,1.08,753.0,HIIT,31.9,2.3,3,1,17.93
47,89.1,1.84,168,65,1.44,1133.0,Yoga,24.0,3.6,3,2,26.32
34,65.9,1.62,199,56,0.81,731.0,Yoga,28.8,2.2,2,1,25.11
37,55.6,1.57,182,53,0.97,597.0,Cardio,29.2,2.4,2,1,22.56
42,63.7,1.98,172,69,1.37,868.0,Yoga,24.0,3.0,2,1,16.25
39,86.2,1.82,191,72,1.96,1725.0,Strength,10.2,3.5,5,3,26.02
30,59.2,1.63,174,74,1.85,1304.0,Strength,17.8,2.7,4,3,22.28
36,85.4,1.88,195,60,1.98,1492.0,Yoga,13.5,3.5,5,3,24.16
53,68.1,1.55,164,65,1.41,831.0,HIIT,26.1,2.2,4,2,28.35
29,60.0,1.62,181,69,0.85,684.0,Strength,28.1,1.9,2,1,22.86
58,74.8,1.69,175,53,1.28,933.0,Strength,32.8,2.3,4,2,26.19
36,90.3,1.65,169,71,1.38,1199.0,Cardio,23.7,3.4,4,2,33.17
29,86.1,1.65,183,71,1.66,1169.0,HIIT,11.2,3.5,4,3,31.63
26,73.7,1.66,177,72,0.93,639.0,Yoga,26.7,2.2,2,1,26.75
24,67.7,1.56,177,66,1.42,980.0,HIIT,27.0,2.1,3,2,27.82
45,78.3,1.96,166,62,1.29,1066.0,Cardio,29.0,2.2,3,1,20.38
31,48.2,1.65,163,60,1.1,913.0,Cardio,26.1,2.5,2,1,17.7
48,56.8,1.51,185,52,1.37,777.0,HIIT,32.1,2.1,4,2,24.91
36,112.4,1.63,164,58,1.02,757.0,Cardio,25.0,3.4,4,2,42.3
33,59.0,1.67,175,55,0.9,558.0,Cardio,33.7,1.9,3,1,21.16
22,98.4,1.88,194,71,0.52,386.0,Cardio,21.3,2.2,2,1,27.84
52,66.5,1.6,185,70,1.34,796.0,HIIT,26.8,2.1,4,2,25.98
29,106.5,1.81,177,60,1.29,1107.0,Cardio,25.7,2.5,4,2,32.51
42,88.4,1.93,188,65,1.68,1314.0,Yoga,12.4,3.5,4,3,23.73
38,88.4,1.79,182,68,1.74,1321.0,Yoga,12.5,3.5,5,3,27.59
53,53.3,1.74,173,54,1.37,962.0,Strength,32.2,1.8,3,2,17.6
40,58.1,1.56,174,63,0.61,415.0,Yoga,34.4,2.2,2,1,23.87
33,74.2,1.76,192,66,1.15,834.0,Strength,25.9,1.5,4,2,23.95
56,84.6,1.63,184,52,1.01,705.0,HIIT,20.2,2.9,4,2,31.84
59,78.0,1.92,180,53,0.72,453.0,Cardio,28.1,2.7,3,1,21.16
56,89.0,1.68,176,65,1.77,1332.0,Yoga,10.5,3.5,5,3,31.53
31,42.7,1.76,182,65,1.46,883.0,Strength,34.9,2.2,3,1,13.78
48,83.9,1.82,176,70,1.9,1401.0,HIIT,13.1,3.5,5,3,25.33
22,78.7,1.52,173,74,1.45,1204.0,Strength,31.5,2.3,3,2,34.06
52,65.9,1.52,188,53,1.27,794.0,Cardio,27.0,2.3,4,2,28.52
40,76.9,1.92,179,68,1.13,851.0,Yoga,22.4,3.7,4,2,20.86
46,84.3,2.0,189,66,1.83,1467.0,HIIT,13.3,3.5,5,3,21.07
28,62.4,1.6,178,62,1.1,710.0,Strength,34.1,1.7,3,2,24.37
35,63.7,1.74,198,71,1.03,810.0,HIIT,29.8,2.7,4,2,21.04
29,54.9,1.52,172,72,1.48,910.0,Strength,27.0,2.0,3,1,23.76
26,76.4,1.79,177,73,1.17,1004.0,Strength,21.3,2.7,3,2,23.84
27,106.4,1.86,182,50,1.34,907.0,Cardio,20.6,3.1,2,1,30.76
34,68.4,1.5,192,61,1.37,904.0,Cardio,33.7,2.1,4,2,30.4
55,63.5,1.86,198,53,1.36,969.0,Strength,22.9,2.9,4,2,18.35
24,59.4,1.5,199,60,1.25,825.0,Yoga,25.0,2.0,3,2,26.4
30,113.4,1.91,177,54,1.27,957.0,HIIT,22.2,3.7,3,1,31.08
57,61.9,1.52,168,51,0.92,592.0,HIIT,28.4,2.6,3,1,26.79
59,70.7,1.68,192,66,1.17,637.0,Cardio,34.9,1.9,3,2,25.05
26,111.5,1.9,191,57,1.02,937.0,Yoga,25.2,2.2,2,1,30.89
44,72.1,1.66,176,55,1.4,958.0,Strength,27.0,2.5,2,1,26.16
19,56.9,1.87,178,70,0.61,463.0,Cardio,23.3,3.7,3,1,16.27
22,86.2,1.9,186,58,1.91,1345.0,Strength,11.7,3.5,5,3,23.88
46,59.4,1.68,165,62,1.16,844.0,Strength,20.2,2.5,4,2,21.05
54,75.6,1.72,194,60,0.97,672.0,Cardio,26.4,1.9,3,1,25.55
55,76.3,1.73,196,65,1.08,768.0,Yoga,32.0,2.6,3,1,25.49
36,95.8,1.86,193,65,1.37,972.0,HIIT,21.2,3.2,3,1,27.69
25,120.6,1.83,179,51,1.04,686.0,Cardio,22.3,2.5,3,2,36.01
18,65.3,1.55,184,59,1.42,1143.0,Yoga,28.5,2.2,3,2,27.18
39,85.3,1.89,163,61,0.77,593.0,Strength,27.6,3.6,2,1,23.88
34,68.0,1.68,169,57,0.67,472.0,Cardio,25.8,3.4,2,1,24.09
24,52.6,1.57,169,60,1.29,1071.0,HIIT,31.9,2.4,2,1,21.34
42,63.3,1.77,183,59,1.32,876.0,HIIT,25.7,3.3,3,2,20.2
21,76.3,1.65,180,62,1.14,878.0,Strength,31.8,1.7,3,2,28.03
53,61.0,1.63,170,74,0.54,331.0,Cardio,20.0,3.4,3,1,22.96
23,67.8,1.61,186,66,1.34,1072.0,HIIT,34.3,1.8,2,1,26.16
48,114.9,1.86,175,56,1.36,949.0,Cardio,21.1,3.6,3,1,33.21
36,88.0,1.71,185,73,1.87,1646.0,HIIT,12.0,3.5,5,3,30.09
56,67.7,1.58,189,52,1.45,927.0,Strength,32.7,1.9,2,1,27.12
44,124.8,1.85,175,69,1.35,842.0,Strength,24.4,3.5,4,2,36.46
27,53.0,1.58,166,62,1.26,895.0,Cardio,34.5,1.8,4,2,21.23
43,61.2,1.88,175,68,1.03,831.0,Yoga,24.7,2.9,3,1,17.32
36,48.7,1.68,194,56,1.23,886.0,Yoga,33.7,1.6,3,1,17.25
56,50.6,1.7,175,58,1.29,848.0,Strength,33.1,2.3,2,1,17.51
20,72.6,1.73,199,68,1.27,1016.0,HIIT,34.8,2.5,3,2,24.26
30,70.4,1.56,171,62,1.03,644.0,Yoga,34.3,2.4,4,2,28.93
45,52.5,1.88,194,71,1.08,818.0,Strength,29.0,2.9,4,2,14.85
37,76.3,1.77,180,57,1.36,957.0,HIIT,27.3,2.1,4,2,24.35
45,41.2,1.58,195,71,1.47,1111.0,HIIT,28.7,2.6,2,1,16.5
25,55.3,1.76,176,67,1.56,1186.0,Yoga,15.5,2.7,4,3,17.85
58,49.7,1.67,191,72,1.38,776.0,Strength,31.9,2.3,4,2,17.82
56,48.3,1.87,165,51,0.68,525.0,HIIT,29.8,3.3,3,1,13.81
18,83.2,1.96,183,67,1.83,1510.0,HIIT,13.6,3.5,4,3,21.66
20,120.5,1.73,186,67,1.01,850.0,Cardio,29.3,3.4,3,2,40.26
30,121.6,2.0,179,60,1.24,1091.0,Cardio,28.0,3.3,4,2,30.4
45,73.0,1.75,184,50,1.14,759.0,Yoga,26.6,2.0,4,2,23.84
42,57.5,1.67,161,63,1.76,1053.0,Cardio,16.2,2.7,5,3,20.62
50,42.7,1.53,168,65,1.41,983.0,Strength,28.4,2.4,4,2,18.24
55,129.9,1.73,187,60,0.69,529.0,Yoga,21.7,3.1,3,1,43.4
23,108.6,1.92,197,50,0.89,656.0,Yoga,25.8,3.5,2,1,29.46
49,88.6,2.0,162,56,1.83,1150.0,Cardio,14.9,3.5,4,3,22.15
38,49.7,1.51,179,65,1.25,906.0,HIIT,32.6,2.5,3,1,21.8
33,56.4,1.54,165,63,1.06,822.0,Strength,29.2,1.5,3,1,23.78
38,46.9,1.74,198,64,1.03,946.0,Strength,20.0,2.6,4,2,15.49
28,71.3,1.67,192,63,1.46,1022.0,Strength,28.1,1.5,4,2,25.57
54,71.6,1.86,160,70,1.14,830.0,Yoga,25.3,2.2,3,2,20.7
53,82.3,1.61,196,60,1.87,1139.0,Strength,11.6,3.5,5,3,31.75
52,70.6,1.69,165,65,1.36,826.0,HIIT,26.1,2.2,3,1,24.72
36,109.8,1.62,193,68,0.84,651.0,HIIT,24.4,3.5,3,1,41.84
37,73.5,1.69,174,66,0.54,354.0,Cardio,27.5,1.6,2,1,25.73
35,85.6,1.85,185,55,1.78,1322.0,Strength,14.5,3.5,5,3,25.01
58,74.6,1.68,173,60,1.03,737.0,Yoga,26.0,2.0,4,2,26.43
31,63.2,1.8,166,66,0.59,463.0,Cardio,25.5,2.6,2,1,19.51
32,62.6,1.63,190,58,1.67,1344.0,HIIT,15.0,2.7,5,3,23.56
48,87.1,1.76,183,67,1.81,1398.0,Strength,11.6,3.5,5,3,28.12
18,82.3,1.84,190,66,1.73,1408.0,HIIT,13.3,3.5,5,3,24.31
20,64.3,1.78,188,61,1.71,1171.0,Cardio,18.7,2.7,4,3,20.29
33,53.7,1.66,191,72,1.25,806.0,HIIT,29.5,2.5,3,1,19.49
40,63.0,2.0,176,71,1.42,1257.0,Strength,26.8,2.9,4,2,15.75
28,128.4,1.86,173,71,1.06,921.0,Strength,23.6,3.3,4,2,37.11
29,88.0,1.89,199,54,1.75,1319.0,Cardio,13.3,3.5,5,3,24.64
27,63.7,1.52,195,60,1.19,714.0,Strength,25.4,2.1,4,2,27.57
49,83.7,1.87,183,53,1.29,1009.0,HIIT,23.9,2.3,4,2,23.94
33,102.6,1.75,186,53,1.4,1078.0,HIIT,27.9,2.2,3,2,33.5
25,77.7,1.55,184,52,0.55,330.0,Yoga,33.0,1.7,2,1,32.34
55,87.5,1.88,191,73,1.19,789.0,Yoga,27.2,2.6,4,2,24.76
29,87.0,1.86,177,72,1.52,1028.0,Yoga,11.0,3.5,4,3,25.15
41,82.8,1.66,177,74,1.97,1355.0,HIIT,11.2,3.5,5,3,30.05
45,65.4,1.68,196,66,0.76,441.0,HIIT,35.0,2.6,3,1,23.17
25,47.2,1.71,185,56,0.89,632.0,Cardio,26.0,2.5,2,1,16.14
45,58.2,1.7,168,53,0.95,684.0,Yoga,26.8,2.0,3,1,20.14
53,73.5,1.55,194,72,1.17,806.0,HIIT,26.3,2.1,4,2,30.59
43,55.2,1.73,167,62,1.67,1240.0,Cardio,16.6,2.7,5,3,18.44
25,64.4,1.71,179,61,1.12,935.0,HIIT,27.1,1.8,3,1,22.02
45,73.5,1.74,181,50,1.18,807.0,Cardio,30.0,2.3,4,2,24.28
45,89.6,1.81,178,70,1.7,1287.0,Yoga,12.4,3.5,5,3,27.35
54,86.5,1.76,189,68,1.48,1158.0,Yoga,29.0,3.4,3,2,27.92
58,46.1,1.67,187,70,1.28,743.0,Yoga,25.3,1.8,4,2,16.53
53,68.5,1.97,194,69,1.3,894.0,HIIT,23.2,2.1,3,2,17.65
44,94.6,1.84,170,67,1.26,748.0,HIIT,26.0,3.1,4,2,27.94
34,54.2,1.52,190,60,1.13,746.0,Cardio,31.0,2.2,3,1,23.46
26,47.7,1.77,198,69,1.15,759.0,Strength,24.8,2.7,3,2,15.23
50,52.2,1.84,195,52,1.38,847.0,Strength,28.2,3.1,4,2,15.42
37,88.8,1.95,189,66,1.58,1173.0,Yoga,10.3,3.5,5,3,23.35
30,101.0,1.68,182,61,1.46,1076.0,Strength,28.2,2.9,4,2,35.79
45,118.4,1.95,178,59,1.06,881.0,Yoga,24.9,2.4,3,2,31.14
46,47.9,1.72,171,57,1.41,933.0,Cardio,26.3,2.0,3,1,16.19
30,51.5,1.74,174,64,1.08,810.0,Strength,33.9,2.0,3,2,17.01
52,79.9,1.51,190,54,0.75,479.0,Strength,31.5,2.6,3,1,35.04
23,121.3,1.85,196,53,0.72,661.0,Yoga,21.6,3.6,2,1,35.44
35,78.9,1.64,196,70,1.28,1050.0,Cardio,25.3,2.6,4,2,29.34
22,88.5,1.62,174,69,1.88,1675.0,Strength,10.7,3.5,5,3,33.72
42,73.5,1.63,188,68,0.52,350.0,Strength,26.1,3.2,3,1,27.66
19,127.9,1.93,185,70,1.27,1173.0,Strength,21.8,3.0,4,2,34.34
27,88.5,1.98,161,53,1.8,1515.0,Cardio,11.1,3.5,4,3,22.57
47,43.4,1.62,179,64,0.51,303.0,Cardio,25.3,2.3,3,1,16.54
22,42.8,1.56,174,66,1.47,978.0,Strength,32.2,2.6,3,2,17.59
50,64.5,1.79,163,61,1.17,753.0,Yoga,28.1,2.4,4,2,20.13
18,50.7,1.53,181,52,1.29,948.0,Yoga,33.0,2.1,3,2,21.66
35,59.2,1.66,197,59,1.3,1151.0,Strength,21.3,3.2,3,1,21.48
49,78.9,1.73,182,64,1.38,938.0,Cardio,34.0,2.3,2,1,26.36
28,78.7,1.63,185,59,1.1,847.0,Strength,31.7,1.8,3,2,29.62
38,68.7,1.92,170,73,1.31,1081.0,Cardio,29.0,3.0,4,2,18.64
43,53.1,1.59,187,72,0.82,502.0,Strength,29.5,2.5,2,1,21.0
42,64.8,1.65,161,67,1.1,904.0,Cardio,24.4,2.8,3,2,23.8
39,50.3,1.61,167,50,1.17,749.0,HIIT,32.8,2.5,2,1,19.41
44,102.3,1.63,188,52,1.34,856.0,Yoga,20.9,2.6,4,2,38.5
30,62.9,1.92,170,70,1.13,789.0,HIIT,25.2,3.6,2,1,17.06
50,56.5,1.6,196,61,1.88,1184.0,Yoga,19.2,2.7,5,3,22.07
51,74.6,1.55,177,50,0.71,422.0,Cardio,33.3,2.1,2,1,31.05
58,52.0,1.79,173,52,1.12,937.0,HIIT,29.6,3.0,3,1,16.23
52,52.1,1.67,169,52,1.5,837.0,Yoga,32.0,1.5,2,1,18.68
18,72.2,1.54,194,54,0.97,606.0,Strength,27.1,1.7,2,1,30.44
38,85.8,1.8,168,68,1.72,1410.0,Cardio,10.1,3.5,4,3,26.48
23,81.4,1.85,194,74,1.6,1320.0,Cardio,12.4,3.5,4,3,23.78
45,50.9,1.65,170,50,1.45,887.0,Strength,30.1,2.3,2,1,18.7
34,52.0,1.78,171,53,1.38,987.0,Strength,22.4,2.7,4,2,16.41
22,71.0,1.93,162,53,1.42,1086.0,Yoga,21.2,2.9,4,2,19.06
48,80.6,1.77,198,66,1.51,1248.0,Cardio,12.9,3.5,4,3,25.73
22,58.3,1.72,173,63,1.0,640.0,Yoga,32.6,1.6,3,2,19.71
55,63.0,1.7,187,67,1.32,719.0,Strength,34.9,2.5,3,1,21.8
20,111.0,1.94,170,50,1.02,875.0,Cardio,27.6,3.3,4,2,29.49
40,52.6,1.66,198,71,1.27,762.0,Strength,32.9,1.7,3,2,19.09
54,116.4,2.0,184,65,1.13,688.0,Yoga,26.2,3.1,3,1,29.1
54,75.6,1.61,180,52,1.41,983.0,Yoga,34.9,2.5,4,2,29.17
27,61.6,1.8,169,72,1.48,1172.0,Yoga,26.4,3.1,2,1,19.01
27,108.0,1.8,174,70,1.38,926.0,Cardio,28.6,2.5,4,2,33.33
36,59.3,1.75,178,58,0.99,634.0,Strength,34.5,2.3,3,1,19.36
34,75.7,1.94,181,72,1.18,915.0,Strength,29.3,2.4,4,2,20.11
38,56.3,1.6,180,53,1.21,859.0,Yoga,28.8,1.9,4,2,21.99
31,58.2,1.73,191,70,1.17,766.0,Yoga,25.8,1.8,3,2,19.45
26,55.7,1.68,182,54,1.13,802.0,Yoga,21.7,2.9,3,1,19.73
18,125.9,1.67,172,60,1.46,1229.0,Yoga,20.6,2.2,3,2,45.14
30,62.7,1.67,164,70,1.02,826.0,HIIT,26.1,2.6,4,2,22.48
21,86.6,1.86,163,58,1.37,972.0,HIIT,21.8,2.6,3,2,25.03
18,64.5,1.82,187,52,1.2,983.0,HIIT,23.4,2.4,3,2,19.47
57,76.6,1.86,173,55,1.14,796.0,Yoga,25.4,2.8,4,2,22.14
49,81.4,1.83,167,73,1.98,1225.0,Yoga,13.6,3.5,5,3,24.31
51,60.7,1.71,168,60,1.14,954.0,Strength,22.1,2.5,2,1,20.76
45,57.2,1.55,194,58,1.67,909.0,Cardio,18.4,2.7,5,3,23.81
48,73.0,1.59,196,64,1.19,798.0,Strength,32.0,2.1,3,2,28.88
25,123.8,1.99,180,72,1.13,752.0,HIIT,25.6,2.6,3,1,31.26
56,93.6,1.66,177,52,1.37,1024.0,Strength,29.0,2.2,2,1,33.97
43,76.8,1.92,192,50,1.24,988.0,Yoga,21.1,2.5,3,1,20.83
51,54.7,1.53,167,69,1.11,674.0,HIIT,26.8,2.0,4,2,23.37
20,92.3,1.94,176,71,1.14,821.0,HIIT,24.3,2.1,3,2,24.52
29,71.8,1.55,190,68,1.2,720.0,Cardio,26.3,2.4,4,2,29.89
18,66.9,1.57,193,63,1.07,679.0,Cardio,30.7,2.2,3,2,27.14
22,48.7,1.76,165,66,1.37,1144.0,HIIT,29.0,2.2,4,2,15.72
47,66.2,1.71,181,71,1.42,1188.0,HIIT,22.8,2.9,3,1,22.64
47,40.0,1.76,173,63,0.8,475.0,Strength,26.7,2.2,3,1,12.91
34,112.4,1.85,162,66,1.18,870.0,HIIT,23.4,3.6,4,2,32.84
40,70.0,1.55,171,74,0.85,693.0,Yoga,31.1,1.5,3,1,29.14
32,84.0,1.74,195,63,1.45,1013.0,Strength,25.8,2.1,3,1,27.74
54,43.8,1.65,171,61,1.29,749.0,Yoga,26.6,1.7,4,2,16.09
38,123.3,1.62,161,65,1.34,1216.0,Yoga,21.2,2.3,4,2,46.98
31,57.9,1.56,161,50,1.8,1116.0,Yoga,15.1,2.7,5,3,23.79
19,82.4,1.96,174,62,1.9,1766.0,HIIT,10.1,3.5,5,3,21.45
28,84.8,1.79,182,55,1.35,1025.0,Cardio,28.8,2.3,4,2,26.47
56,109.6,1.66,188,66,1.29,1060.0,Cardio,20.5,3.1,3,2,39.77
55,86.4,1.77,176,61,1.0,777.0,Yoga,27.3,2.8,3,2,27.58
51,63.9,1.8,191,72,1.07,626.0,HIIT,33.7,2.7,4,2,19.72
55,70.8,1.62,166,68,0.54,394.0,Strength,26.0,1.8,3,1,26.98
51,115.3,1.67,189,55,1.38,950.0,Yoga,24.4,2.5,3,2,41.34
35,55.3,1.56,187,56,1.71,1188.0,Strength,19.8,2.7,5,3,22.72
47,73.9,1.8,173,50,1.36,942.0,Strength,28.3,3.7,3,1,22.81
32,97.3,1.96,189,50,1.36,1025.0,HIIT,24.9,3.4,3,2,25.33
44,60.4,1.65,176,54,1.27,966.0,HIIT,32.6,2.1,4,2,22.19
51,49.3,1.61,191,55,1.36,868.0,Cardio,28.3,2.9,2,1,19.02
55,91.8,1.78,165,65,1.44,1091.0,Cardio,23.5,3.4,3,1,28.97
50,73.6,1.55,183,74,0.89,581.0,HIIT,33.9,2.1,3,1,30.63
41,47.1,1.78,165,65,1.26,929.0,Yoga,24.7,2.4,3,1,14.87
32,65.2,1.62,186,63,0.58,408.0,Cardio,25.3,3.4,2,1,24.84
47,87.2,1.64,177,50,2.0,1634.0,Strength,15.0,3.5,4,3,32.42
59,96.7,1.71,183,62,0.57,423.0,Yoga,28.4,2.9,3,1,33.07
34,46.9,1.61,196,69,1.02,821.0,Strength,28.6,1.7,3,2,18.09
22,72.1,1.62,183,59,1.38,849.0,HIIT,25.1,2.1,3,1,27.47
46,62.5,1.54,197,73,1.61,906.0,Strength,18.1,2.7,4,3,26.35
21,110.7,1.69,193,59,1.06,775.0,Yoga,27.0,2.7,3,1,38.76
27,102.6,1.83,199,58,1.41,954.0,HIIT,26.5,3.5,3,2,30.64
34,64.3,1.62,174,62,1.76,1276.0,Yoga,19.8,2.7,5,3,24.5
27,80.7,1.61,170,52,1.75,1598.0,Strength,14.3,3.5,4,3,31.13
34,115.3,1.81,181,67,1.36,1249.0,Yoga,24.5,2.2,2,1,35.19
37,87.8,1.69,183,69,1.81,1573.0,HIIT,10.3,3.5,5,3,30.74
41,74.3,1.61,160,51,1.06,714.0,Strength,24.8,3.5,4,2,28.66
22,78.5,1.7,177,66,1.36,938.0,Strength,31.9,2.1,4,2,27.16
51,77.3,1.58,171,68,0.97,733.0,Cardio,31.1,2.0,2,1,30.96
23,64.5,1.7,187,72,0.51,319.0,Cardio,30.4,1.7,2,1,22.32
19,72.0,1.94,199,62,1.17,952.0,Yoga,24.7,3.2,3,2,19.13
30,77.9,1.77,166,62,1.41,916.0,Cardio,27.9,2.6,4,2,24.87
28,69.6,1.58,182,50,1.49,1006.0,Cardio,27.8,2.0,3,2,27.88
40,68.9,1.99,180,51,1.16,951.0,Cardio,25.0,2.4,4,2,17.4
33,45.9,1.89,193,50,1.45,1148.0,Cardio,21.6,2.9,3,2,12.85
48,68.2,1.69,170,73,0.75,537.0,HIIT,28.4,2.5,3,1,23.88
28,79.6,1.59,181,54,1.49,968.0,HIIT,28.2,1.5,3,2,31.49
33,53.6,1.52,194,73,1.02,643.0,Cardio,30.9,2.3,2,1,23.2
25,57.7,1.58,188,52,1.36,986.0,Yoga,25.7,2.2,3,2,23.11
21,74.2,1.93,187,56,1.32,1024.0,HIIT,28.3,2.5,3,2,19.92
57,64.4,1.56,177,73,1.52,985.0,Cardio,17.8,2.7,5,3,26.46
21,54.9,1.78,173,71,0.55,380.0,HIIT,31.7,2.0,2,1,17.33
42,50.3,1.64,177,62,0.63,468.0,Strength,27.0,2.4,3,1,18.7
20,46.5,1.68,187,72,0.91,660.0,HIIT,27.9,2.4,2,1,16.48
49,57.8,1.99,183,67,0.93,741.0,HIIT,24.7,3.1,3,1,14.6
20,83.0,1.8,167,73,0.79,695.0,Yoga,29.6,2.9,2,1,25.62
44,82.5,1.79,167,70,1.51,1159.0,HIIT,13.8,3.5,5,3,25.75
46,66.5,1.73,163,56,1.11,709.0,Yoga,34.7,2.0,3,1,22.22
49,70.2,1.67,186,50,0.93,695.0,Strength,32.5,1.8,3,1,25.17
36,121.9,1.93,195,54,1.49,1082.0,Cardio,21.8,3.4,3,2,32.73
38,70.3,1.52,164,66,1.19,857.0,Yoga,25.6,2.0,4,2,30.43
22,40.3,1.56,192,57,1.45,877.0,HIIT,30.8,2.1,4,2,16.56
35,101.4,1.76,193,64,0.84,559.0,HIIT,23.6,2.9,2,1,32.74
45,79.2,1.95,189,69,1.47,982.0,Yoga,22.8,2.8,3,2,20.83
59,75.8,1.77,167,53,1.46,841.0,Strength,33.1,1.8,3,1,24.19
39,71.7,1.88,198,51,0.55,445.0,Cardio,23.7,2.2,2,1,20.29
38,57.7,1.56,185,54,1.64,1082.0,HIIT,16.6,2.7,5,3,23.71
23,47.4,1.6,196,50,0.76,585.0,Strength,33.5,1.6,3,1,18.52
18,57.2,1.75,193,74,1.29,1032.0,Cardio,33.5,2.4,3,2,18.68
22,44.8,1.72,166,54,1.48,977.0,Cardio,28.6,1.8,4,2,15.14
58,90.2,1.72,199,55,0.9,668.0,HIIT,28.3,2.1,2,1,30.49
29,84.9,1.72,187,51,1.79,1378.0,Yoga,14.3,3.5,4,3,28.7
43,95.7,1.77,198,50,1.08,807.0,HIIT,24.2,3.4,3,1,30.55
51,59.0,1.65,198,53,1.22,924.0,HIIT,20.7,2.3,3,2,21.67
31,60.5,1.77,187,56,1.72,1092.0,HIIT,15.0,2.7,4,3,19.31
43,53.8,1.72,173,71,1.03,742.0,Strength,30.2,2.3,4,2,18.19
44,86.6,1.97,197,50,1.66,1372.0,Yoga,11.7,3.5,5,3,22.31
26,72.8,1.67,163,50,1.37,829.0,Strength,35.0,1.9,2,1,26.1
43,66.3,1.77,177,57,1.48,1046.0,HIIT,32.7,1.7,4,2,21.16
39,56.0,1.6,184,69,0.89,672.0,Yoga,32.6,2.0,2,1,21.87
47,45.9,1.93,166,65,1.29,1015.0,Cardio,29.6,2.0,3,2,12.32
34,88.0,1.64,197,70,1.9,1536.0,Yoga,14.4,3.5,4,3,32.72
43,94.0,1.79,187,62,1.31,1012.0,HIIT,23.2,3.4,2,1,29.34
53,44.7,1.79,164,72,1.34,965.0,Yoga,26.7,2.1,3,2,13.95
18,63.2,1.63,162,73,0.66,436.0,Cardio,27.5,2.2,3,1,23.79
25,95.6,1.9,190,72,1.47,1294.0,Cardio,23.8,2.4,4,2,26.48
52,47.8,1.86,179,67,1.01,645.0,Yoga,24.7,2.8,3,2,13.82
32,85.3,1.64,178,69,1.77,1197.0,Cardio,13.2,3.5,4,3,31.71
39,59.7,1.83,170,59,1.35,1143.0,Strength,29.1,2.3,4,2,17.83
31,70.2,1.98,199,61,0.71,504.0,Yoga,24.2,2.5,2,1,17.91
43,72.7,1.8,162,50,0.79,590.0,Cardio,32.8,2.1,3,1,22.44
45,50.4,1.79,182,59,0.74,433.0,Cardio,27.7,2.5,2,1,15.73
40,81.7,1.74,166,58,0.91,666.0,Yoga,27.0,2.7,2,1,26.99
31,49.3,1.62,182,52,0.56,484.0,Strength,20.0,3.2,2,1,18.79
41,61.9,1.64,166,68,1.93,1138.0,Yoga,19.4,2.7,4,3,23.01
19,49.1,1.68,193,58,1.42,1164.0,Cardio,25.3,2.6,4,2,17.4
43,66.5,1.83,178,59,1.11,747.0,Yoga,27.1,2.4,3,2,19.86
31,75.5,1.93,168,68,0.6,446.0,Cardio,20.5,3.4,2,1,20.27
24,88.2,1.79,177,65,1.76,1491.0,HIIT,11.3,3.5,4,3,27.53
20,74.8,1.75,184,73,1.33,885.0,Yoga,25.0,3.3,3,2,24.42
40,72.2,1.6,173,67,0.87,566.0,Yoga,29.2,1.9,3,1,28.2
35,62.8,1.63,184,63,1.41,1241.0,Cardio,21.9,3.7,4,2,23.64
55,84.7,1.79,178,52,1.19,719.0,Cardio,23.3,2.4,3,2,26.43
52,116.5,1.69,198,51,0.53,388.0,Cardio,27.3,2.4,2,1,40.79
32,77.4,1.92,174,50,1.39,1047.0,Cardio,26.7,3.3,3,2,21.0
42,72.9,1.62,175,67,1.17,732.0,Yoga,25.7,2.0,4,2,27.78
54,58.4,1.59,186,73,1.08,807.0,Cardio,32.5,1.9,2,1,23.1
45,64.3,1.54,199,58,1.67,999.0,Yoga,15.3,2.7,4,3,27.11
27,89.3,1.87,169,62,1.62,1363.0,Strength,12.7,3.5,5,3,25.54
56,90.2,1.61,163,51,1.38,1148.0,Yoga,22.6,2.3,3,2,34.8
34,59.0,1.62,178,56,1.13,847.0,Cardio,30.9,2.4,4,2,22.48
56,58.7,1.86,187,65,1.09,858.0,Cardio,22.6,3.3,3,2,16.97
39,127.5,1.82,180,70,1.26,1116.0,Strength,29.8,3.0,3,2,38.49
43,68.6,1.52,173,68,1.42,875.0,Yoga,28.1,2.6,4,2,29.69
42,56.7,1.53,192,74,1.07,717.0,Strength,27.4,1.9,3,1,24.22
34,64.5,1.78,169,64,1.33,958.0,Yoga,27.8,1.8,4,2,20.36
30,61.6,1.52,178,71,1.78,1228.0,Cardio,19.5,2.7,4,3,26.66
37,75.1,1.82,189,60,1.23,859.0,Yoga,26.4,3.2,4,2,22.67
42,79.3,1.93,181,50,1.22,888.0,Cardio,27.3,3.3,2,1,21.29
21,72.6,1.68,162,70,1.19,756.0,Cardio,34.2,1.8,3,2,25.72
27,76.7,1.7,196,56,0.96,792.0,HIIT,29.1,2.1,3,1,26.54
20,44.2,1.61,177,69,1.08,659.0,HIIT,32.4,2.5,2,1,17.05
58,56.5,1.7,170,57,0.74,406.0,Yoga,27.0,2.7,2,1,19.55
35,100.9,1.63,161,59,1.1,986.0,Cardio,28.4,3.1,2,1,37.98
53,55.8,1.55,171,54,1.12,711.0,Strength,27.0,1.8,4,2,23.23
39,58.3,1.93,165,58,1.35,1010.0,Cardio,27.4,3.7,4,2,15.65
51,48.6,1.77,199,74,1.47,1128.0,Strength,26.9,3.5,2,1,15.51
25,81.7,1.95,188,74,1.94,1451.0,Yoga,13.8,3.5,4,3,21.49
57,85.6,1.69,189,50,1.76,1159.0,Yoga,12.7,3.5,5,3,29.97
36,60.0,1.72,161,51,1.63,1043.0,Strength,18.2,2.7,5,3,20.28
59,126.4,1.69,168,68,1.24,915.0,Strength,29.5,2.9,3,1,44.26
58,75.4,1.78,161,63,1.05,662.0,Cardio,26.0,2.5,4,2,23.8
54,64.2,1.69,188,69,1.69,996.0,Yoga,16.5,2.7,4,3,22.48
23,65.2,1.62,192,59,1.37,1069.0,Cardio,31.1,2.5,3,2,24.84
43,70.1,1.66,169,58,0.99,673.0,Strength,34.6,2.6,2,1,25.44
51,102.6,1.77,193,59,1.21,779.0,HIIT,21.0,3.4,2,1,32.75
23,107.2,1.93,167,55,1.15,879.0,HIIT,20.2,3.1,4,2,28.78
54,56.5,1.75,196,66,1.76,1220.0,HIIT,15.3,2.7,5,3,18.45
50,61.6,1.75,192,74,1.22,911.0,Strength,25.5,2.2,4,2,20.11
39,81.7,1.75,165,55,1.32,1198.0,Cardio,29.1,2.8,4,2,26.68
38,76.6,1.58,199,53,0.74,481.0,Yoga,32.2,2.3,2,1,30.68
23,116.8,1.79,178,69,1.0,698.0,Strength,26.8,3.4,4,2,36.45
23,60.1,1.59,191,52,1.8,1107.0,HIIT,17.6,2.7,4,3,23.77
21,93.7,1.73,186,72,1.0,803.0,Cardio,27.8,3.6,2,1,31.31
47,41.6,1.58,160,68,1.03,756.0,Yoga,26.6,2.1,4,2,16.66
28,55.1,1.79,192,67,1.99,1582.0,Yoga,17.0,2.7,5,3,17.2
47,127.1,1.76,199,73,0.71,552.0,Strength,24.9,3.0,2,1,41.03
48,69.1,1.6,191,53,1.34,1001.0,Strength,26.1,2.0,4,2,26.99
41,66.8,1.74,164,57,1.34,898.0,Yoga,29.2,2.3,3,1,22.06
26,125.5,1.76,176,66,1.15,1031.0,Yoga,23.2,3.1,4,2,40.52
20,71.3,1.58,167,54,1.07,893.0,HIIT,25.4,1.5,3,2,28.56
48,129.2,1.61,193,62,1.06,876.0,Yoga,21.4,2.9,4,2,49.84
57,96.3,1.86,168,74,1.1,795.0,Strength,27.6,2.2,3,2,27.84
54,67.5,1.54,182,50,0.72,454.0,Cardio,25.2,1.5,3,1,28.46
53,64.4,1.55,194,62,1.77,1107.0,HIIT,19.7,2.7,4,3,26.81
41,64.9,1.57,166,53,1.04,576.0,HIIT,25.9,2.4,4,2,26.33
48,52.3,1.66,174,71,0.74,433.0,Yoga,33.0,1.8,3,1,18.98
23,56.7,1.55,179,73,1.38,911.0,Cardio,34.0,1.9,4,2,23.6
19,46.8,1.63,184,63,1.35,864.0,HIIT,34.4,1.6,4,2,17.61
37,70.3,1.77,162,52,1.01,621.0,Strength,33.7,1.7,2,1,22.44
45,80.8,1.76,183,54,1.7,1102.0,Yoga,11.4,3.5,4,3,26.08
28,56.0,1.5,193,56,1.94,1242.0,Strength,16.7,2.7,5,3,24.89
21,101.2,1.84,181,50,1.3,944.0,Yoga,24.3,3.3,2,1,29.89
32,56.6,1.57,170,72,1.65,1378.0,HIIT,15.7,2.7,4,3,22.96
23,40.9,1.75,167,61,0.82,594.0,Yoga,25.2,2.1,3,1,13.36
47,127.8,1.65,198,60,0.77,598.0,Cardio,28.7,3.5,2,1,46.94
55,49.3,1.76,194,73,1.28,927.0,Strength,30.5,2.0,2,1,15.92
19,64.3,1.63,197,57,1.87,1234.0,Cardio,18.0,2.7,5,3,24.2
32,49.3,1.62,167,74,1.18,1025.0,Strength,29.3,2.5,3,2,18.79
28,63.0,1.62,196,55,0.68,500.0,Strength,31.7,1.9,2,1,24.01
25,41.1,1.67,186,71,1.03,711.0,Yoga,31.9,2.4,3,2,14.74
43,40.5,1.74,187,51,1.5,965.0,HIIT,32.9,2.2,3,2,13.38
22,71.0,1.62,199,68,0.91,691.0,HIIT,21.2,3.5,2,1,27.05
23,60.9,1.62,193,69,1.59,1336.0,Cardio,16.8,2.7,5,3,23.21
43,64.7,1.66,191,69,1.88,1117.0,Yoga,19.8,2.7,4,3,23.48
21,51.0,1.71,174,73,1.07,706.0,HIIT,34.2,2.2,3,2,17.44
36,57.7,1.77,176,63,1.65,1213.0,Strength,19.4,2.7,4,3,18.42
37,76.9,1.82,192,50,1.49,992.0,Strength,24.5,2.8,4,2,23.22
50,80.5,1.77,175,59,1.85,1181.0,Yoga,14.3,3.5,4,3,25.7
37,73.3,1.74,188,65,1.03,726.0,Cardio,25.5,2.4,3,2,24.21
29,49.0,1.57,168,53,1.33,878.0,Yoga,26.5,2.6,3,2,19.88
18,114.5,1.97,192,60,1.03,725.0,Cardio,24.1,2.6,3,1,29.5
43,81.0,1.78,188,65,1.58,1189.0,Yoga,12.4,3.5,5,3,25.56
31,53.5,1.76,172,69,1.22,811.0,Strength,27.6,1.8,4,2,17.27
55,52.1,1.68,180,50,0.77,637.0,Yoga,23.6,3.0,3,1,18.46
54,70.1,1.52,180,65,0.76,475.0,HIIT,26.6,2.1,2,1,30.34
28,86.9,1.78,164,68,1.29,951.0,HIIT,24.9,3.7,4,2,27.43
53,73.4,1.76,169,70,1.09,815.0,Yoga,27.9,2.8,3,2,23.7
30,90.0,1.66,165,71,1.32,1104.0,Cardio,26.6,2.1,4,2,32.66
20,85.7,1.92,172,58,1.72,1287.0,Cardio,10.5,3.5,5,3,23.25
50,70.4,1.55,160,58,0.73,470.0,Strength,29.9,2.7,2,1,29.3
23,57.7,1.71,179,58,1.15,942.0,Strength,27.0,3.4,3,2,19.73
27,75.7,1.76,167,66,0.68,494.0,Cardio,25.3,2.3,3,1,24.44
22,61.8,1.52,169,61,1.83,1519.0,Yoga,17.0,2.7,5,3,26.75
40,80.3,1.76,168,74,1.63,1497.0,Strength,13.1,3.5,5,3,25.92
27,104.3,1.68,162,62,1.28,950.0,Cardio,29.7,3.5,3,2,36.95
19,65.7,1.58,170,57,1.46,883.0,Cardio,25.9,1.9,3,2,26.32
30,120.3,1.96,171,65,0.66,494.0,Yoga,23.9,2.6,2,1,31.32
57,51.9,1.57,169,67,1.05,713.0,HIIT,29.1,2.6,3,2,21.06
19,59.1,1.57,184,50,1.65,1336.0,Cardio,17.9,2.7,5,3,23.98
37,66.9,1.75,184,50,1.38,876.0,Strength,26.5,2.1,4,2,21.84
18,66.9,1.75,170,61,0.94,573.0,Yoga,26.8,1.7,2,1,21.84
54,78.7,1.66,195,55,1.42,921.0,Yoga,22.9,2.6,3,2,28.56
26,62.4,1.61,198,58,1.88,1307.0,Yoga,19.8,2.7,4,3,24.07
34,102.1,1.71,185,72,0.96,713.0,HIIT,27.3,3.2,2,1,34.92
26,51.9,2.0,173,54,0.75,549.0,HIIT,26.6,2.3,2,1,12.97
28,58.3,2.0,198,65,1.32,980.0,Strength,28.2,3.0,4,2,14.57
32,89.8,1.92,199,67,1.93,1783.0,Strength,10.6,3.5,4,3,24.36
41,101.1,1.83,160,66,0.79,634.0,Yoga,28.6,3.2,2,1,30.19
55,118.6,1.72,163,67,0.77,640.0,Strength,25.9,2.6,3,1,40.09
52,84.8,1.85,189,50,1.19,895.0,Cardio,23.4,3.2,2,1,24.78
47,80.0,1.77,171,68,0.72,531.0,HIIT,28.2,3.5,3,1,25.54
48,73.1,1.83,194,71,1.05,681.0,Yoga,28.0,2.8,4,2,21.83
22,117.3,1.68,172,57,1.24,914.0,Yoga,28.5,2.7,3,2,41.56
31,77.4,1.71,190,52,1.26,863.0,Cardio,26.2,1.8,4,2,26.47
28,72.9,1.67,197,74,1.13,831.0,Cardio,34.7,2.2,3,2,26.14
26,71.2,1.5,182,54,1.15,816.0,Cardio,34.6,2.6,2,1,31.64
51,88.2,1.62,163,72,1.56,1027.0,Cardio,11.8,3.5,4,3,33.61
29,75.6,1.8,175,57,1.31,976.0,Yoga,25.7,1.9,4,2,23.33
52,57.9,1.56,166,68,1.66,1135.0,HIIT,15.8,2.7,4,3,23.79
52,70.6,1.58,181,67,1.02,753.0,HIIT,34.9,2.0,3,2,28.28
18,118.6,1.64,188,67,0.94,693.0,Cardio,25.6,2.7,3,1,44.1
57,55.7,1.99,170,70,1.13,705.0,Strength,23.6,3.0,3,2,14.07
39,102.3,1.94,192,50,0.89,656.0,Yoga,22.9,2.4,3,1,27.18
46,72.6,1.87,188,64,1.31,1044.0,HIIT,22.6,3.4,4,2,20.76
25,63.8,1.68,198,67,0.95,784.0,Cardio,31.6,1.9,2,1,22.6
28,67.3,1.67,171,74,0.61,479.0,Strength,29.2,2.3,3,1,24.13
58,59.3,1.58,166,56,1.97,1463.0,Strength,19.8,2.7,4,3,23.75
54,70.7,1.57,198,65,1.14,836.0,Cardio,31.8,2.1,3,1,28.68
31,86.9,1.69,185,65,1.72,1230.0,Yoga,14.0,3.5,4,3,30.43
47,98.2,1.9,199,64,0.76,557.0,HIIT,22.9,3.0,3,1,27.2
52,63.6,1.62,168,55,1.3,965.0,Strength,20.8,2.3,4,2,24.23
38,45.2,1.68,193,58,1.01,727.0,HIIT,29.9,2.4,3,2,16.01
54,117.2,1.62,172,56,1.04,736.0,HIIT,23.1,2.3,4,2,44.66
22,107.4,1.74,195,63,1.34,1017.0,Strength,22.0,2.2,2,1,35.47
36,59.1,1.78,184,60,0.85,514.0,Cardio,34.5,2.2,2,1,18.65
31,53.3,1.64,183,70,0.57,402.0,Strength,29.4,2.4,3,1,19.82
43,46.2,1.63,176,65,1.18,812.0,Strength,21.7,2.1,2,1,17.39
21,67.0,1.61,161,74,1.32,1104.0,Yoga,22.0,2.1,3,2,25.85
42,86.3,1.77,172,55,1.77,1113.0,HIIT,11.4,3.5,4,3,27.55
59,85.5,1.67,190,71,1.99,1418.0,Cardio,15.0,3.5,5,3,30.66
42,70.2,1.87,188,65,1.38,1127.0,HIIT,22.7,3.4,3,2,20.07
35,127.1,1.62,187,69,1.02,718.0,Strength,23.3,3.4,4,2,48.43
57,75.6,1.67,186,65,1.05,723.0,Cardio,31.6,1.8,3,2,27.11
25,62.6,1.65,174,61,1.2,852.0,Cardio,27.9,2.2,3,1,22.99
56,55.7,1.53,190,66,1.91,1066.0,Cardio,16.1,2.7,5,3,23.79
57,96.1,1.74,199,54,1.21,862.0,Cardio,21.6,2.8,3,2,31.74
31,76.7,1.62,174,74,1.39,883.0,Yoga,28.1,2.3,4,2,29.23
49,57.2,1.89,192,62,1.14,762.0,Cardio,21.1,3.5,2,1,16.01
55,69.9,1.81,179,57,1.2,992.0,Strength,20.2,2.1,4,2,21.34
50,67.9,1.77,171,73,1.03,760.0,Yoga,33.0,2.4,3,2,21.67
40,87.9,1.87,196,54,1.96,1445.0,Strength,10.7,3.5,5,3,25.14
32,102.8,1.98,168,61,1.24,818.0,Strength,27.8,2.8,3,2,26.22
50,51.8,1.5,182,58,1.32,838.0,HIIT,33.0,2.2,3,1,23.02
42,57.7,1.57,167,52,1.83,1005.0,Cardio,17.7,2.7,4,3,23.41
34,66.5,1.69,191,52,0.81,636.0,Cardio,28.1,2.3,3,1,23.28
50,95.4,1.61,173,50,1.16,764.0,Strength,21.5,3.6,4,2,36.8
19,69.2,1.6,186,74,1.17,907.0,Cardio,32.4,1.6,3,1,27.03
31,66.6,1.67,184,71,1.02,699.0,Yoga,31.0,1.5,4,2,23.88
57,83.4,1.65,172,67,1.57,1290.0,HIIT,13.3,3.5,4,3,30.63
57,43.8,1.75,180,73,1.39,1001.0,Cardio,25.1,1.7,2,1,14.3
56,64.2,1.69,190,61,1.99,1227.0,Cardio,19.6,2.7,5,3,22.48
23,44.1,1.62,196,58,0.58,354.0,Yoga,25.7,2.7,2,1,16.8
23,87.3,1.91,164,58,1.87,1327.0,HIIT,11.8,3.5,5,3,23.93
20,55.0,1.6,172,67,1.12,1035.0,Yoga,24.0,3.2,4,2,21.48
24,87.1,1.74,187,67,1.57,1364.0,Strength,10.0,3.5,4,3,28.77
25,66.6,1.61,184,56,1.38,1260.0,Strength,25.0,3.0,2,1,25.69
59,60.4,1.76,194,53,1.72,929.0,Cardio,18.8,2.7,5,3,19.5
32,126.4,1.83,198,62,1.1,883.0,HIIT,28.2,2.1,3,2,37.74
46,88.7,1.63,166,66,0.75,542.0,Strength,28.8,3.5,2,1,33.38
